Ano;Regiao;Curso;Ano Escolar;Valor Alunos;Valor RSI;Valor GMM;zscore_valor_alunos;zscore_bool_valor_alunos;zscore_valor_rsi;zscore_bool_valor_rsi;zscore_valor_gmm;zscore_bool_valor_gmm;zscore_valor_alunos1;zscore_bool_valor_alunos1
2012.0;Alcochete;Cursos Tecnológicos e Profissionais;12º ano;49.5;211.0;1883.0;4.72294390642486;FALSE;-0.2180218780686744;TRUE;4.976160010213712;FALSE;3.132175724112948;FALSE
2012.0;Alenquer;Cursos Tecnológicos e Profissionais;12º ano;49.5;421.0;1025.4;4.255853834895574;FALSE;0.000534092287146;TRUE;0.325223461406963;TRUE;3.132175724112948;FALSE
2012.0;Almeida;Cursos gerais;12º ano;49.5;101.0;761.0;3.038083291265652;FALSE;-0.3325035768264851;TRUE;-1.1086706891346705;TRUE;3.132175724112948;FALSE
2012.0;Almodôvar;Cursos gerais;12º ano;49.5;83.0;780.8;3.171537597416877;FALSE;-0.3512369457141269;TRUE;-1.0012913238520522;TRUE;3.132175724112948;FALSE
2012.0;Alpiarça;Cursos gerais;12º ano;49.5;89.0;891.7;3.038083291265652;FALSE;-0.3449924894182463;TRUE;-0.3998584142640521;TRUE;3.132175724112948;FALSE
2012.0;Alter do Chão;Cursos gerais;12º ano;49.5;126.0;801.3;4.080695058072092;FALSE;-0.3064850089269826;TRUE;-0.8901157183826744;TRUE;3.132175724112948;FALSE
2012.0;Alter do Chão;Cursos Tecnológicos e Profissionais;12º ano;49.5;126.0;801.3;3.121492232610167;FALSE;-0.3064850089269826;TRUE;-0.8901157183826744;TRUE;3.132175724112948;FALSE
2012.0;Alvaiázere;Cursos gerais;12º ano;49.5;71.0;834.4;3.038083291265652;FALSE;-0.363725858305888;TRUE;-0.7106077895516303;TRUE;3.132175724112948;FALSE
2012.0;Amadora;Cursos gerais;12º ano;49.5;3303.0;1279.5;3.288310115299198;FALSE;5.750637598077184;FALSE;1.7032586492005668;TRUE;3.132175724112948;FALSE
2012.0;Amadora;Cursos Tecnológicos e Profissionais;12º ano;49.5;3303.0;1279.5;3.5719005158705497;FALSE;5.750637598077184;FALSE;1.7032586492005668;TRUE;3.132175724112948;FALSE
2012.0;Arruda dos Vinhos;Cursos Tecnológicos e Profissionais;12º ano;49.5;82.0;962.9;3.4801506803915823;FALSE;-0.352277688430107;TRUE;-0.0137265552679697;TRUE;3.132175724112948;FALSE
2012.0;Azambuja;Cursos Tecnológicos e Profissionais;12º ano;49.5;316.0;1118.9;3.4134235273159703;FALSE;-0.1087438928907642;TRUE;0.8322926863526616;TRUE;3.132175724112948;FALSE
2012.0;Barreiro;Cursos Tecnológicos e Profissionais;12º ano;49.5;2050.0;1056.7;3.2966510094336496;FALSE;1.6959039766187245;TRUE;0.4949696297577688;TRUE;3.132175724112948;FALSE
2012.0;Batalha;Cursos Tecnológicos e Profissionais;12º ano;49.5;69.0;912.5;3.179878491551328;FALSE;-0.3658073437378482;TRUE;-0.2870558487146349;TRUE;3.132175724112948;FALSE
2012.0;Bombarral;Cursos Tecnológicos e Profissionais;12º ano;49.5;118.0;826.7;4.431012611719057;FALSE;-0.3148109506548234;TRUE;-0.7523664316059816;TRUE;3.132175724112948;FALSE
2012.0;Cabeceiras de Basto;Cursos gerais;12º ano;49.1;489.0;729.8;2.963015244055589;TRUE;0.0713045969737926;TRUE;-1.277874537458797;TRUE;3.0974231431533816;FALSE
2012.0;Calheta [R.A.M.];Cursos Tecnológicos e Profissionais;10º ano;49.5;150.0;1138.9;3.038083291265652;FALSE;-0.2815071837434603;TRUE;0.94075669168864;TRUE;3.132175724112948;FALSE
2012.0;Câmara de Lobos;Cursos gerais;12º ano;49.5;715.0;882.9;3.038083291265652;FALSE;0.3065124507852946;TRUE;-0.4475825766118829;TRUE;3.132175724112948;FALSE
2012.0;Caminha;Cursos gerais;11º ano;49.5;116.0;846.2;3.697013927887322;FALSE;-0.3168924360867836;TRUE;-0.6466140264034027;TRUE;3.132175724112948;FALSE
2012.0;Caminha;Cursos gerais;12º ano;49.5;116.0;846.2;4.456035294122411;FALSE;-0.3168924360867836;TRUE;-0.6466140264034027;TRUE;3.132175724112948;FALSE
2012.0;Carregal do Sal;Cursos Tecnológicos e Profissionais;12º ano;49.5;278.0;843.1;4.572807812004733;FALSE;-0.1482921160980078;TRUE;-0.6634259472304794;TRUE;3.132175724112948;FALSE
2012.0;Castelo de Paiva;Cursos gerais;12º ano;49.3;225.0;734.8;2.979697032324491;TRUE;-0.203451480044953;TRUE;-1.2507585361248024;TRUE;3.1147994336331646;FALSE
2012.0;Chamusca;Cursos Tecnológicos e Profissionais;12º ano;49.5;132.0;863.0;3.5051733627949377;FALSE;-0.3002405526311021;TRUE;-0.5555042619211812;TRUE;3.132175724112948;FALSE
2012.0;Ferreira do Alentejo;Cursos gerais;12º ano;49.5;272.0;925.4;4.080695058072092;FALSE;-0.1545365723938885;TRUE;-0.217096565272929;TRUE;3.132175724112948;FALSE
2012.0;Figueira de Castelo Rodrigo;Cursos gerais;12º ano;49.5;188.0;868.4;3.872172704710804;FALSE;-0.2419589605362166;TRUE;-0.5262189804804672;TRUE;3.132175724112948;FALSE
2012.0;Gouveia;Cursos gerais;12º ano;49.2;235.0;776.0;2.97135613819004;TRUE;-0.193044052885152;TRUE;-1.0273226851326869;TRUE;3.106111288393273;FALSE
2012.0;Horta;Cursos gerais;12º ano;49.5;367.0;933.0;4.772989271231569;FALSE;-0.0556660143757792;TRUE;-0.1758802432452571;TRUE;3.132175724112948;FALSE
2012.0;Lagoa;Cursos Tecnológicos e Profissionais;12º ano;49.5;419.0;934.2;3.313332797702552;FALSE;-0.0015473931448141;TRUE;-0.1693724029250982;TRUE;3.132175724112948;FALSE
2012.0;Lagoa [R.A.A.];Cursos Tecnológicos e Profissionais;10º ano;49.5;1137.0;933.0;3.455127997988228;FALSE;0.7457058769288956;TRUE;-0.1758802432452571;TRUE;3.132175724112948;FALSE
2012.0;Lagoa [R.A.A.];Cursos Tecnológicos e Profissionais;12º ano;49.5;1137.0;933.0;3.755400186828484;FALSE;0.7457058769288956;TRUE;-0.1758802432452571;TRUE;3.132175724112948;FALSE
2012.0;Lagos;Cursos Tecnológicos e Profissionais;12º ano;49.5;586.0;886.5;3.705354822021774;FALSE;0.172256640423862;TRUE;-0.4280590556514067;TRUE;3.132175724112948;FALSE
2012.0;Lajes do Pico;Cursos gerais;12º ano;49.5;81.0;933.0;3.038083291265652;FALSE;-0.3533184311460871;TRUE;-0.1758802432452571;TRUE;3.132175724112948;FALSE
2012.0;Lousã;Cursos Tecnológicos e Profissionais;12º ano;48.2;271.0;870.5;2.887947196845525;TRUE;-0.1555773151098685;TRUE;-0.5148302599201894;TRUE;3.0192298359943566;FALSE
2012.0;Mafra;Cursos Tecnológicos e Profissionais;12º ano;49.5;536.0;889.8;3.196560279820232;FALSE;0.1202195046248572;TRUE;-0.4101624947709705;TRUE;3.132175724112948;FALSE
2012.0;Mangualde;Cursos Tecnológicos e Profissionais;12º ano;49.5;304.0;918.4;3.380059950778165;FALSE;-0.1212328054825253;TRUE;-0.2550589671405214;TRUE;3.132175724112948;FALSE
2012.0;Melgaço;Cursos gerais;12º ano;49.5;29.0;735.7;3.154855809147974;FALSE;-0.4074370523770521;TRUE;-1.245877655884683;TRUE;3.132175724112948;FALSE
2012.0;Miranda do Douro;Cursos Tecnológicos e Profissionais;12º ano;49.5;80.0;814.2;4.431012611719057;FALSE;-0.3543591738620671;TRUE;-0.820156434940968;TRUE;3.132175724112948;FALSE
2012.0;Mogadouro;Cursos gerais;12º ano;49.5;50.0;776.4;3.538536939332744;FALSE;-0.3855814553414701;TRUE;-1.0251534050259674;TRUE;3.132175724112948;FALSE
2012.0;Murça;Cursos gerais;12º ano;49.5;136.0;720.8;3.038083291265652;FALSE;-0.2960775817671817;TRUE;-1.326683339859987;TRUE;3.132175724112948;FALSE
2012.0;Murça;Cursos Tecnológicos e Profissionais;12º ano;49.5;136.0;720.8;4.622853176811441;FALSE;-0.2960775817671817;TRUE;-1.326683339859987;TRUE;3.132175724112948;FALSE
2012.0;Odivelas;Cursos Tecnológicos e Profissionais;12º ano;49.5;2280.0;926.2;3.8137864457696433;FALSE;1.9352748012941468;TRUE;-0.2127580050594895;TRUE;3.132175724112948;FALSE
2012.0;Oliveira de Frades;Cursos Tecnológicos e Profissionais;12º ano;49.5;44.0;1140.8;3.038083291265652;FALSE;-0.3918259116373506;TRUE;0.9510607721955572;TRUE;3.132175724112948;FALSE
2012.0;Penamacor;Cursos gerais;12º ano;49.5;53.0;768.7;4.931466259786148;FALSE;-0.3824592271935297;TRUE;-1.0669120470803186;TRUE;3.132175724112948;FALSE
2012.0;Penamacor;Cursos Tecnológicos e Profissionais;12º ano;49.5;53.0;768.7;3.038083291265652;FALSE;-0.3824592271935297;TRUE;-1.0669120470803186;TRUE;3.132175724112948;FALSE
2012.0;Portimão;Cursos Tecnológicos e Profissionais;12º ano;49.5;1835.0;963.9;3.313332797702552;FALSE;1.4721442926830035;TRUE;-0.0083033550011708;TRUE;3.132175724112948;FALSE
2012.0;Porto Moniz;Cursos gerais;12º ano;49.5;12.0;825.0;4.639534965080345;FALSE;-0.4251296785487137;TRUE;-0.76158587205954;TRUE;3.132175724112948;FALSE
2012.0;Porto Santo;Cursos gerais;12º ano;49.5;50.0;1125.4;3.697013927887322;FALSE;-0.3855814553414701;TRUE;0.8675434880868546;TRUE;3.132175724112948;FALSE
2012.0;Porto Santo;Cursos Tecnológicos e Profissionais;12º ano;49.5;50.0;1125.4;3.630286774811711;FALSE;-0.3855814553414701;TRUE;0.8675434880868546;TRUE;3.132175724112948;FALSE
2012.0;Povoação;Cursos gerais;10º ano;49.5;474.0;933.0;3.1381740208790703;FALSE;0.0556934562340911;TRUE;-0.1758802432452571;TRUE;3.132175724112948;FALSE
2012.0;Povoação;Cursos Tecnológicos e Profissionais;12º ano;49.5;474.0;933.0;3.038083291265652;FALSE;0.0556934562340911;TRUE;-0.1758802432452571;TRUE;3.132175724112948;FALSE
2012.0;Redondo;Cursos gerais;12º ano;49.5;235.0;801.9;3.038083291265652;FALSE;-0.193044052885152;TRUE;-0.886861798222595;TRUE;3.132175724112948;FALSE
2012.0;Reguengos de Monsaraz;Cursos gerais;12º ano;49.5;362.0;883.5;3.096469550206813;FALSE;-0.0608697279556797;TRUE;-0.4443286564518034;TRUE;3.132175724112948;FALSE
2012.0;Reguengos de Monsaraz;Cursos Tecnológicos e Profissionais;12º ano;49.5;362.0;883.5;3.5552187276016465;FALSE;-0.0608697279556797;TRUE;-0.4443286564518034;TRUE;3.132175724112948;FALSE
2012.0;Ribeira Brava;Cursos Tecnológicos e Profissionais;10º ano;48.3;130.0;789.1;2.896288090979976;TRUE;-0.3023220380630623;TRUE;-0.9562787616376208;TRUE;3.0279179812342476;FALSE
2012.0;Ribeira Grande;Cursos Tecnológicos e Profissionais;10º ano;49.5;3303.0;933.0;3.2549465387613923;FALSE;3.1695956624465422;FALSE;-0.1758802432452571;TRUE;3.132175724112948;FALSE
2012.0;Salvaterra de Magos;Cursos Tecnológicos e Profissionais;12º ano;48.4;282.0;885.9;2.904628985114428;TRUE;-0.1441291452340875;TRUE;-0.4313129758114861;TRUE;3.0366061264741395;FALSE
2012.0;Santa Cruz da Graciosa;Cursos gerais;12º ano;49.5;175.0;933.0;3.238264750492489;FALSE;-0.2554886158439579;TRUE;-0.1758802432452571;TRUE;3.132175724112948;FALSE
2012.0;Santa Cruz da Graciosa;Cursos Tecnológicos e Profissionais;10º ano;49.5;175.0;933.0;3.997286116727577;FALSE;-0.2554886158439579;TRUE;-0.1758802432452571;TRUE;3.132175724112948;FALSE
2012.0;São Brás de Alportel;Cursos Tecnológicos e Profissionais;12º ano;49.5;152.0;935.5;4.639534965080345;FALSE;-0.2794256983115001;TRUE;-0.1623222425782598;TRUE;3.132175724112948;FALSE
2012.0;São João da Pesqueira;Cursos Tecnológicos e Profissionais;12º ano;49.5;126.0;809.6;3.1381740208790703;FALSE;-0.3064850089269826;TRUE;-0.8451031561682432;TRUE;3.132175724112948;FALSE
2012.0;São Vicente;Cursos Tecnológicos e Profissionais;10º ano;49.5;46.0;820.0;3.5051733627949377;FALSE;-0.3897444262053904;TRUE;-0.7887018733935345;TRUE;3.132175724112948;FALSE
2012.0;Sátão;Cursos Tecnológicos e Profissionais;12º ano;48.5;195.0;730.4;2.912969879248879;TRUE;-0.2346737615243559;TRUE;-1.2746206172987171;TRUE;3.045294271714031;FALSE
2012.0;Silves;Cursos Tecnológicos e Profissionais;12º ano;49.5;297.0;900.3;3.755400186828484;FALSE;-0.128518004494386;TRUE;-0.3532188919695819;TRUE;3.132175724112948;FALSE
2012.0;Sintra;Cursos Tecnológicos e Profissionais;12º ano;49.0;3303.0;1181.8;2.9546743499211368;TRUE;6.518705722470495;FALSE;1.1734119831343126;TRUE;3.0887349979134897;FALSE
2012.0;Tabuaço;Cursos gerais;12º ano;49.5;162.0;807.4;3.2799692211647464;FALSE;-0.2690182711516992;TRUE;-0.857034196755201;TRUE;3.132175724112948;FALSE
2012.0;Tavira;Cursos Tecnológicos e Profissionais;12º ano;49.5;306.0;847.0;3.538536939332744;FALSE;-0.1191513200505651;TRUE;-0.6422754661899638;TRUE;3.132175724112948;FALSE
2012.0;Torres Vedras;Cursos Tecnológicos e Profissionais;12º ano;49.5;585.0;923.4;3.2799692211647464;FALSE;0.1712158977078819;TRUE;-0.2279429658065268;TRUE;3.132175724112948;FALSE
2012.0;Vila de Rei;Cursos gerais;10º ano;49.5;39.0;692.1;3.630286774811711;FALSE;-0.3970296252172511;TRUE;-1.4823291875171156;TRUE;3.132175724112948;FALSE
2012.0;Vila Franca de Xira;Cursos Tecnológicos e Profissionais;12º ano;49.5;1717.0;1148.5;3.4217644214504226;FALSE;1.349336652197352;TRUE;0.9928194142499088;TRUE;3.132175724112948;FALSE
2012.0;Vila Franca do Campo;Cursos gerais;10º ano;49.5;801.0;933.0;3.0047197147278464;FALSE;0.396016324359583;TRUE;-0.1758802432452571;TRUE;3.132175724112948;FALSE
2012.0;Vila Franca do Campo;Cursos gerais;12º ano;49.5;801.0;933.0;3.738718398559581;FALSE;0.396016324359583;TRUE;-0.1758802432452571;TRUE;3.132175724112948;FALSE
2012.0;Vila Nova de Paiva;Cursos Tecnológicos e Profissionais;12º ano;49.5;48.0;724.5;3.038083291265652;FALSE;-0.3876629407734303;TRUE;-1.306617498872831;TRUE;3.132175724112948;FALSE
2012.0;Vila Nova de Poiares;Cursos gerais;12º ano;49.5;187.0;800.5;4.739625694693763;FALSE;-0.2429997032521967;TRUE;-0.8944542785961134;TRUE;3.132175724112948;FALSE
2012.0;Vila Pouca de Aguiar;Cursos Tecnológicos e Profissionais;12º ano;49.5;226.0;779.0;3.221582962223586;FALSE;-0.2024107373289729;TRUE;-1.01105308433229;TRUE;3.132175724112948;FALSE
2012.0;Vila Real de Santo António;Cursos Tecnológicos e Profissionais;12º ano;49.5;468.0;853.5;3.24660564462694;FALSE;0.0494489999382105;TRUE;-0.6070246644557709;TRUE;3.132175724112948;FALSE
2012.0;Vila Viçosa;Cursos gerais;12º ano;49.5;142.0;967.5;3.196560279820232;FALSE;-0.2898331254713011;TRUE;0.0112201659593054;TRUE;3.132175724112948;FALSE
2013.0;Alcanena;Cursos Tecnológicos e Profissionais;12º ano;49.5;85.0;985.2;3.038083291265652;FALSE;-0.3491554602821666;TRUE;0.1072108106816464;TRUE;3.132175724112948;FALSE
2013.0;Alenquer;Cursos gerais;12º ano;48.2;362.0;1058.5;2.887947196845525;TRUE;-0.0608697279556797;TRUE;0.5047313902380066;TRUE;3.0192298359943566;FALSE
2013.0;Alenquer;Cursos Tecnológicos e Profissionais;12º ano;49.5;362.0;1058.5;4.589489600273635;FALSE;-0.0608697279556797;TRUE;0.5047313902380066;TRUE;3.132175724112948;FALSE
2013.0;Alfândega da Fé;Cursos gerais;12º ano;49.5;33.0;751.1;3.3383554801059074;FALSE;-0.4032740815131317;TRUE;-1.1623603717759796;TRUE;3.132175724112948;FALSE
2013.0;Almeida;Cursos gerais;12º ano;49.5;109.0;764.7;3.455127997988228;FALSE;-0.3241776350986443;TRUE;-1.0886048481475143;TRUE;3.132175724112948;FALSE
2013.0;Alter do Chão;Cursos Tecnológicos e Profissionais;12º ano;49.5;103.0;790.8;4.431012611719057;FALSE;-0.3304220913945249;TRUE;-0.9470593211840632;TRUE;3.132175724112948;FALSE
2013.0;Amadora;Cursos gerais;12º ano;49.5;3303.0;1270.3;3.580241410005001;FALSE;4.605820610499077;FALSE;1.6533652067460165;TRUE;3.132175724112948;FALSE
2013.0;Amadora;Cursos Tecnológicos e Profissionais;12º ano;49.5;3303.0;1270.3;3.738718398559581;FALSE;4.605820610499077;FALSE;1.6533652067460165;TRUE;3.132175724112948;FALSE
2013.0;Batalha;Cursos Tecnológicos e Profissionais;12º ano;49.5;35.0;899.5;3.5552187276016465;FALSE;-0.4011925960811715;TRUE;-0.3575574521830208;TRUE;3.132175724112948;FALSE
2013.0;Bombarral;Cursos Tecnológicos e Profissionais;12º ano;49.5;77.0;826.4;3.3550372683748098;FALSE;-0.3574814020100074;TRUE;-0.7539933916860216;TRUE;3.132175724112948;FALSE
2013.0;Câmara de Lobos;Cursos Tecnológicos e Profissionais;10º ano;48.1;666.0;887.4;2.879606302711074;TRUE;0.2555160577022698;TRUE;-0.4231781754112877;TRUE;3.0105416907544646;FALSE
2013.0;Campo Maior;Cursos Tecnológicos e Profissionais;12º ano;49.5;313.0;1180.2;4.823034636038279;FALSE;-0.1118661210387044;TRUE;1.1647348627074348;TRUE;3.132175724112948;FALSE
2013.0;Cinfães;Cursos gerais;12º ano;49.5;543.0;713.6;3.121492232610167;FALSE;0.1275047036367179;TRUE;-1.365730381780939;TRUE;3.132175724112948;FALSE
2013.0;Estarreja;Cursos Tecnológicos e Profissionais;12º ano;49.5;466.0;1084.4;3.271628327030294;FALSE;0.0473675145062503;TRUE;0.645192277148099;TRUE;3.132175724112948;FALSE
2013.0;Ferreira do Zêzere;Cursos gerais;12º ano;49.5;46.0;795.4;3.038083291265652;FALSE;-0.3897444262053904;TRUE;-0.922112599956788;TRUE;3.132175724112948;FALSE
2013.0;Horta;Cursos gerais;12º ano;49.5;272.0;933.0;4.39764903518125;FALSE;-0.1545365723938885;TRUE;-0.1758802432452571;TRUE;3.132175724112948;FALSE
2013.0;Idanha-a-Nova;Cursos gerais;12º ano;49.5;213.0;757.4;3.772081975097386;FALSE;-0.2159403926367142;TRUE;-1.1281942100951468;TRUE;3.132175724112948;FALSE
2013.0;Lagoa [R.A.A.];Cursos gerais;12º ano;49.5;1066.0;933.0;4.17244489355106;FALSE;0.6718131440943087;TRUE;-0.1758802432452571;TRUE;3.132175724112948;FALSE
2013.0;Lagos;Cursos Tecnológicos e Profissionais;12º ano;49.5;470.0;866.2;3.196560279820232;FALSE;0.0515304853701707;TRUE;-0.5381500210674244;TRUE;3.132175724112948;FALSE
2013.0;Loulé;Cursos Tecnológicos e Profissionais;12º ano;49.5;728.0;949.4;3.104810444341264;FALSE;0.3200421060930359;TRUE;-0.086939758869755;TRUE;3.132175724112948;FALSE
2013.0;Loures;Cursos Tecnológicos e Profissionais;12º ano;49.5;3303.0;1125.5;2.996378820593394;TRUE;3.3933553463822634;FALSE;0.868085808113534;TRUE;3.132175724112948;FALSE
2013.0;Mação;Cursos gerais;12º ano;49.5;30.0;776.1;5.123306824878533;FALSE;-0.406396309661072;TRUE;-1.0267803651060068;TRUE;3.132175724112948;FALSE
2013.0;Macedo de Cavaleiros;Cursos Tecnológicos e Profissionais;12º ano;49.5;185.0;805.8;3.313332797702552;FALSE;-0.2450811886841569;TRUE;-0.8657113171820794;TRUE;3.132175724112948;FALSE
2013.0;Machico;Cursos Tecnológicos e Profissionais;12º ano;49.5;289.0;1049.5;3.038083291265652;FALSE;-0.1368439462222268;TRUE;0.4559225878368164;TRUE;3.132175724112948;FALSE
2013.0;Mangualde;Cursos Tecnológicos e Profissionais;12º ano;49.5;238.0;923.6;3.613604986542808;FALSE;-0.1899218247372117;TRUE;-0.2268583257531668;TRUE;3.132175724112948;FALSE
2013.0;Mira;Cursos Tecnológicos e Profissionais;12º ano;49.5;50.0;833.9;5.031556989399567;FALSE;-0.3855814553414701;TRUE;-0.7133193896850297;TRUE;3.132175724112948;FALSE
2013.0;Miranda do Douro;Cursos Tecnológicos e Profissionais;12º ano;49.5;69.0;826.5;4.431012611719057;FALSE;-0.3658073437378482;TRUE;-0.7534510716593416;TRUE;3.132175724112948;FALSE
2013.0;Mogadouro;Cursos gerais;12º ano;49.5;52.0;786.5;4.489398870660217;FALSE;-0.3834999699095098;TRUE;-0.9703790823312982;TRUE;3.132175724112948;FALSE
2013.0;Montemor-o-Velho;Cursos Tecnológicos e Profissionais;12º ano;49.5;208.0;818.3;3.4134235273159703;FALSE;-0.2211441062166147;TRUE;-0.797921313847093;TRUE;3.132175724112948;FALSE
2013.0;Murtosa;Cursos Tecnológicos e Profissionais;12º ano;49.5;67.0;782.5;5.2484202368953055;FALSE;-0.3678888291698084;TRUE;-0.9920718833984938;TRUE;3.132175724112948;FALSE
2013.0;Nelas;Cursos Tecnológicos e Profissionais;12º ano;48.4;237.0;942.0;2.904628985114428;TRUE;-0.1909625674531918;TRUE;-0.1270714408440669;TRUE;3.0366061264741395;FALSE
2013.0;Odivelas;Cursos Tecnológicos e Profissionais;12º ano;49.5;1842.0;914.4;3.613604986542808;FALSE;1.4794294916948645;TRUE;-0.2767517682077171;TRUE;3.132175724112948;FALSE
2013.0;Olhão;Cursos gerais;12º ano;49.4;596.0;913.1;2.988037926458943;TRUE;0.182664067583663;TRUE;-0.2838019285545554;TRUE;3.1234875788730565;FALSE
2013.0;Olhão;Cursos Tecnológicos e Profissionais;12º ano;49.4;596.0;913.1;2.988037926458943;TRUE;0.182664067583663;TRUE;-0.2838019285545554;TRUE;3.1234875788730565;FALSE
2013.0;Oliveira de Frades;Cursos Tecnológicos e Profissionais;12º ano;49.5;31.0;1068.8;4.322580987971187;FALSE;-0.4053555669450919;TRUE;0.5605903529860352;TRUE;3.132175724112948;FALSE
2013.0;Ourique;Cursos gerais;11º ano;49.5;91.0;759.7;3.038083291265652;FALSE;-0.3429110039862861;TRUE;-1.115720849481509;TRUE;3.132175724112948;FALSE
2013.0;Ourique;Cursos gerais;12º ano;49.5;91.0;759.7;3.313332797702552;FALSE;-0.3429110039862861;TRUE;-1.115720849481509;TRUE;3.132175724112948;FALSE
2013.0;Pedrógão Grande;Cursos Tecnológicos e Profissionais;12º ano;48.8;45.0;774.2;2.937992561652233;TRUE;-0.3907851689213705;TRUE;-1.037084445612925;TRUE;3.071358707433706;FALSE
2013.0;Penacova;Cursos Tecnológicos e Profissionais;12º ano;49.5;73.0;807.4;5.398556331315433;FALSE;-0.3616443728739278;TRUE;-0.857034196755201;TRUE;3.132175724112948;FALSE
2013.0;Penamacor;Cursos gerais;12º ano;49.5;44.0;781.5;4.431012611719057;FALSE;-0.3918259116373506;TRUE;-0.9974950836652928;TRUE;3.132175724112948;FALSE
2013.0;Portimão;Cursos Tecnológicos e Profissionais;12º ano;48.6;1389.0;937.5;2.9213107733833312;TRUE;1.00797304135588;TRUE;-0.151475842044662;TRUE;3.053982416953923;FALSE
2013.0;Porto de Mós;Cursos Tecnológicos e Profissionais;12º ano;49.5;227.0;933.1;3.5051733627949377;FALSE;-0.2013699946129928;TRUE;-0.1753379232185771;TRUE;3.132175724112948;FALSE
2013.0;Porto Moniz;Cursos gerais;12º ano;49.5;13.0;793.9;3.730377504425128;FALSE;-0.4240889358327336;TRUE;-0.9302474003569864;TRUE;3.132175724112948;FALSE
2013.0;Reguengos de Monsaraz;Cursos gerais;12º ano;49.5;309.0;873.9;3.271628327030294;FALSE;-0.1160290919026248;TRUE;-0.4963913790130732;TRUE;3.132175724112948;FALSE
2013.0;Reguengos de Monsaraz;Cursos Tecnológicos e Profissionais;12º ano;49.5;309.0;873.9;3.313332797702552;FALSE;-0.1160290919026248;TRUE;-0.4963913790130732;TRUE;3.132175724112948;FALSE
2013.0;Santa Cruz;Cursos gerais;12º ano;49.5;450.0;1070.8;3.2966510094336496;FALSE;0.0307156310505688;TRUE;0.5714367535196331;TRUE;3.132175724112948;FALSE
2013.0;Santa Cruz da Graciosa;Cursos Tecnológicos e Profissionais;11º ano;49.5;127.0;933.0;5.123306824878533;FALSE;-0.3054442662110025;TRUE;-0.1758802432452571;TRUE;3.132175724112948;FALSE
2013.0;São Roque do Pico;Cursos gerais;12º ano;49.5;79.0;933.0;3.038083291265652;FALSE;-0.3553999165780472;TRUE;-0.1758802432452571;TRUE;3.132175724112948;FALSE
2013.0;São Roque do Pico;Cursos Tecnológicos e Profissionais;12º ano;49.5;79.0;933.0;3.038083291265652;FALSE;-0.3553999165780472;TRUE;-0.1758802432452571;TRUE;3.132175724112948;FALSE
2013.0;Seixal;Cursos Tecnológicos e Profissionais;12º ano;49.5;1814.0;1164.7;3.038083291265652;FALSE;1.4502886956474217;TRUE;1.0806752585720516;TRUE;3.132175724112948;FALSE
2013.0;Sesimbra;Cursos Tecnológicos e Profissionais;12º ano;49.5;488.0;897.5;3.5719005158705497;FALSE;0.0702638542578125;TRUE;-0.3684038527166186;TRUE;3.132175724112948;FALSE
2013.0;Setúbal;Cursos Tecnológicos e Profissionais;12º ano;49.1;2228.0;1193.9;2.963015244055589;TRUE;1.8811561800631813;TRUE;1.23903270636258;TRUE;3.0974231431533816;FALSE
2013.0;Silves;Cursos Tecnológicos e Profissionais;12º ano;49.5;207.0;898.5;3.438446209719325;FALSE;-0.2221848489325948;TRUE;-0.3629806524498197;TRUE;3.132175724112948;FALSE
2013.0;Sines;Cursos gerais;12º ano;49.5;281.0;1788.0;3.3466963742403584;FALSE;-0.1451698879500676;TRUE;4.460955984867815;FALSE;3.132175724112948;FALSE
2013.0;Sines;Cursos Tecnológicos e Profissionais;12º ano;49.5;281.0;1788.0;3.738718398559581;FALSE;-0.1451698879500676;TRUE;4.460955984867815;FALSE;3.132175724112948;FALSE
2013.0;Sintra;Cursos Tecnológicos e Profissionais;12º ano;49.5;3303.0;1189.1;3.455127997988228;FALSE;4.848313663322439;FALSE;1.2130013450819443;TRUE;3.132175724112948;FALSE
2013.0;Tábua;Cursos gerais;12º ano;49.5;154.0;718.9;3.1381740208790703;FALSE;-0.27734421287954;TRUE;-1.336987420366905;TRUE;3.132175724112948;FALSE
2013.0;Tavira;Cursos Tecnológicos e Profissionais;12º ano;49.5;218.0;851.2;4.197467575954414;FALSE;-0.2107366790568137;TRUE;-0.6194980250694081;TRUE;3.132175724112948;FALSE
2013.0;Torre de Moncorvo;Cursos gerais;12º ano;49.5;40.0;1110.6;3.154855809147974;FALSE;-0.395988882501271;TRUE;0.7872801241382297;TRUE;3.132175724112948;FALSE
2013.0;Torres Novas;Cursos gerais;12º ano;48.2;242.0;973.6;2.887947196845525;TRUE;-0.1857588538732913;TRUE;0.0443016875867789;TRUE;3.0192298359943566;FALSE
2013.0;Trancoso;Cursos gerais;12º ano;49.5;97.0;808.1;3.096469550206813;FALSE;-0.3366665476904055;TRUE;-0.8532379565684415;TRUE;3.132175724112948;FALSE
2013.0;Vila do Porto;Cursos Tecnológicos e Profissionais;10º ano;49.5;170.0;933.0;3.538536939332744;FALSE;-0.2606923294238584;TRUE;-0.1758802432452571;TRUE;3.132175724112948;FALSE
2013.0;Vila Flor;Cursos gerais;12º ano;48.1;60.0;773.2;2.879606302711074;TRUE;-0.3751740281816691;TRUE;-1.0425076458797236;TRUE;3.0105416907544646;FALSE
2013.0;Vila Franca de Xira;Cursos Tecnológicos e Profissionais;12º ano;49.5;1453.0;1148.8;4.481057976525765;FALSE;1.0745805751786064;TRUE;0.9944463743299484;TRUE;3.132175724112948;FALSE
2013.0;Vila Franca do Campo;Cursos gerais;12º ano;49.5;713.0;933.0;4.239172046626672;FALSE;0.3044309653533344;TRUE;-0.1758802432452571;TRUE;3.132175724112948;FALSE
2013.0;Vila Nova de Paiva;Cursos gerais;12º ano;49.5;60.0;720.1;3.154855809147974;FALSE;-0.3751740281816691;TRUE;-1.330479580046746;TRUE;3.132175724112948;FALSE
2013.0;Vila Pouca de Aguiar;Cursos Tecnológicos e Profissionais;12º ano;49.5;194.0;784.7;3.538536939332744;FALSE;-0.235714504240336;TRUE;-0.980140842811536;TRUE;3.132175724112948;FALSE
2013.0;Vila Real de Santo António;Cursos Tecnológicos e Profissionais;12º ano;49.1;353.0;851.0;2.963015244055589;TRUE;-0.0702364123995006;TRUE;-0.6205826651227682;TRUE;3.0974231431533816;FALSE
2013.0;Vila Viçosa;Cursos gerais;12º ano;49.5;128.0;1016.4;3.104810444341264;FALSE;-0.3044035234950225;TRUE;0.2764146590057722;TRUE;3.132175724112948;FALSE
2014.0;Aguiar da Beira;Cursos gerais;12º ano;48.0;42.0;716.9;2.8712654085766216;TRUE;-0.3939073970693108;TRUE;-1.3478338209005027;TRUE;3.0018535455145727;FALSE
2014.0;Albufeira;Cursos Tecnológicos e Profissionais;12º ano;48.7;238.0;875.2;2.929651667517782;TRUE;-0.1899218247372117;TRUE;-0.4893412186662342;TRUE;3.062670562193815;FALSE
2014.0;Almada;Cursos Tecnológicos e Profissionais;12º ano;49.5;2804.0;1025.3;3.096469550206813;FALSE;2.480623984467718;TRUE;0.3246811413802824;TRUE;3.132175724112948;FALSE
2014.0;Almeida;Cursos gerais;12º ano;49.5;88.0;787.6;3.5552187276016465;FALSE;-0.3460332321342264;TRUE;-0.9644135620378192;TRUE;3.132175724112948;FALSE
2014.0;Almeida;Cursos Tecnológicos e Profissionais;12º ano;49.5;88.0;787.6;5.281783813433112;FALSE;-0.3460332321342264;TRUE;-0.9644135620378192;TRUE;3.132175724112948;FALSE
2014.0;Almeirim;Cursos gerais;12º ano;49.5;292.0;886.3;3.304991903568101;FALSE;-0.1337217180742865;TRUE;-0.4291436957047667;TRUE;3.132175724112948;FALSE
2014.0;Almodôvar;Cursos gerais;12º ano;49.5;55.0;806.4;3.4134235273159703;FALSE;-0.3803777417615696;TRUE;-0.8624573970219999;TRUE;3.132175724112948;FALSE
2014.0;Alter do Chão;Cursos gerais;12º ano;49.5;81.0;782.0;4.17244489355106;FALSE;-0.3533184311460871;TRUE;-0.9947834835318932;TRUE;3.132175724112948;FALSE
2014.0;Alvaiázere;Cursos gerais;12º ano;49.5;62.0;801.2;3.5051733627949377;FALSE;-0.3730925427497089;TRUE;-0.8906580384093539;TRUE;3.132175724112948;FALSE
2014.0;Amadora;Cursos gerais;12º ano;49.0;3303.0;1289.4;2.9546743499211368;TRUE;3.479736991808612;FALSE;1.7569483318418766;TRUE;3.0887349979134897;FALSE
2014.0;Amadora;Cursos Tecnológicos e Profissionais;12º ano;49.5;3303.0;1289.4;3.096469550206813;FALSE;3.479736991808612;FALSE;1.7569483318418766;TRUE;3.132175724112948;FALSE
2014.0;Angra do Heroísmo;Cursos Tecnológicos e Profissionais;12º ano;49.5;1502.0;933.0;3.438446209719325;FALSE;1.1255769682616312;TRUE;-0.1758802432452571;TRUE;3.132175724112948;FALSE
2014.0;Azambuja;Cursos Tecnológicos e Profissionais;12º ano;48.6;246.0;1113.7;2.9213107733833312;TRUE;-0.181595883009371;TRUE;0.804092044965307;TRUE;3.053982416953923;FALSE
2014.0;Cadaval;Cursos gerais;12º ano;49.5;52.0;866.0;3.196560279820232;FALSE;-0.3834999699095098;TRUE;-0.5392346611207844;TRUE;3.132175724112948;FALSE
2014.0;Calheta [R.A.A.];Cursos gerais;12º ano;49.5;38.0;933.0;3.038083291265652;FALSE;-0.3980703679332312;TRUE;-0.1758802432452571;TRUE;3.132175724112948;FALSE
2014.0;Calheta [R.A.M.];Cursos Tecnológicos e Profissionais;11º ano;49.5;122.0;1139.7;7.208530358491414;FALSE;-0.3106479797909031;TRUE;0.9450952519020788;TRUE;3.132175724112948;FALSE
2014.0;Campo Maior;Cursos gerais;10º ano;49.5;262.0;1191.5;3.788763763366289;FALSE;-0.1649439995536894;TRUE;1.2260170257222622;TRUE;3.132175724112948;FALSE
2014.0;Campo Maior;Cursos gerais;12º ano;49.5;262.0;1191.5;3.038083291265652;FALSE;-0.1649439995536894;TRUE;1.2260170257222622;TRUE;3.132175724112948;FALSE
2014.0;Carrazeda de Ansiães;Cursos gerais;12º ano;49.5;34.0;757.1;3.538536939332744;FALSE;-0.4022333387971516;TRUE;-1.129821170175186;TRUE;3.132175724112948;FALSE
2014.0;Carrazeda de Ansiães;Cursos Tecnológicos e Profissionais;12º ano;49.5;34.0;757.1;3.2549465387613923;FALSE;-0.4022333387971516;TRUE;-1.129821170175186;TRUE;3.132175724112948;FALSE
2014.0;Cartaxo;Cursos Tecnológicos e Profissionais;12º ano;49.5;132.0;946.6;3.038083291265652;FALSE;-0.3002405526311021;TRUE;-0.1021247196167917;TRUE;3.132175724112948;FALSE
2014.0;Castelo de Paiva;Cursos gerais;12º ano;49.5;140.0;741.7;3.088128656072362;FALSE;-0.2919146109032613;TRUE;-1.2133384542838894;TRUE;3.132175724112948;FALSE
2014.0;Celorico da Beira;Cursos gerais;12º ano;49.5;121.0;712.7;3.3550372683748098;FALSE;-0.3116887225068832;TRUE;-1.3706112620210578;TRUE;3.132175724112948;FALSE
2014.0;Cinfães;Cursos gerais;12º ano;49.5;354.0;796.5;3.113151338475716;FALSE;-0.0691956696835205;TRUE;-0.916147079663309;TRUE;3.132175724112948;FALSE
2014.0;Corvo;Cursos gerais;10º ano;49.5;7.0;933.0;3.038083291265652;FALSE;-0.4303333921286142;TRUE;-0.1758802432452571;TRUE;3.132175724112948;FALSE
2014.0;Faro;Cursos Tecnológicos e Profissionais;12º ano;49.5;1009.0;1068.7;3.038083291265652;FALSE;0.6124908092834431;TRUE;0.5600480329593558;TRUE;3.132175724112948;FALSE
2014.0;Ferreira do Alentejo;Cursos gerais;10º ano;48.0;156.0;868.0;2.8712654085766216;TRUE;-0.2752627274475797;TRUE;-0.5283882605871866;TRUE;3.0018535455145727;FALSE
2014.0;Ferreira do Alentejo;Cursos gerais;12º ano;49.5;156.0;868.0;4.931466259786148;FALSE;-0.2752627274475797;TRUE;-0.5283882605871866;TRUE;3.132175724112948;FALSE
2014.0;Figueira de Castelo Rodrigo;Cursos Tecnológicos e Profissionais;12º ano;49.5;142.0;750.3;4.431012611719057;FALSE;-0.2898331254713011;TRUE;-1.1666989319894192;TRUE;3.132175724112948;FALSE
2014.0;Grândola;Cursos gerais;12º ano;49.2;150.0;891.2;2.97135613819004;TRUE;-0.2815071837434603;TRUE;-0.4025700143974515;TRUE;3.106111288393273;FALSE
2014.0;Lagoa;Cursos Tecnológicos e Profissionais;12º ano;48.6;270.0;930.0;2.9213107733833312;TRUE;-0.1566180578258486;TRUE;-0.1921498440456539;TRUE;3.053982416953923;FALSE
2014.0;Lagoa [R.A.A.];Cursos gerais;12º ano;49.0;1044.0;933.0;2.9546743499211368;TRUE;0.6489168043427466;TRUE;-0.1758802432452571;TRUE;3.0887349979134897;FALSE
2014.0;Lagoa [R.A.A.];Cursos Tecnológicos e Profissionais;10º ano;49.5;1044.0;933.0;3.646968563080613;FALSE;0.6489168043427466;TRUE;-0.1758802432452571;TRUE;3.132175724112948;FALSE
2014.0;Lajes do Pico;Cursos gerais;12º ano;49.5;54.0;933.0;3.396741739047067;FALSE;-0.3814184844775496;TRUE;-0.1758802432452571;TRUE;3.132175724112948;FALSE
2014.0;Loulé;Cursos Tecnológicos e Profissionais;12º ano;49.5;686.0;946.8;3.321673691837004;FALSE;0.2763309120218718;TRUE;-0.1010400795634323;TRUE;3.132175724112948;FALSE
2014.0;Mação;Cursos gerais;12º ano;49.5;29.0;789.1;3.872172704710804;FALSE;-0.4074370523770521;TRUE;-0.9562787616376208;TRUE;3.132175724112948;FALSE
2014.0;Macedo de Cavaleiros;Cursos Tecnológicos e Profissionais;12º ano;49.5;171.0;789.3;5.014875201130663;FALSE;-0.2596515867078783;TRUE;-0.9551941215842614;TRUE;3.132175724112948;FALSE
2014.0;Machico;Cursos gerais;12º ano;49.5;254.0;1055.1;3.613604986542808;FALSE;-0.1732699412815302;TRUE;0.4862925093308898;TRUE;3.132175724112948;FALSE
2014.0;Machico;Cursos Tecnológicos e Profissionais;12º ano;49.5;254.0;1055.1;5.356851860643175;FALSE;-0.1732699412815302;TRUE;0.4862925093308898;TRUE;3.132175724112948;FALSE
2014.0;Miranda do Douro;Cursos gerais;12º ano;49.5;58.0;825.7;3.605264092408355;FALSE;-0.3772555136136293;TRUE;-0.7577896318727805;TRUE;3.132175724112948;FALSE
2014.0;Miranda do Douro;Cursos Tecnológicos e Profissionais;12º ano;49.5;58.0;825.7;4.981511624592857;FALSE;-0.3772555136136293;TRUE;-0.7577896318727805;TRUE;3.132175724112948;FALSE
2014.0;Mogadouro;Cursos gerais;12º ano;49.5;46.0;784.3;3.630286774811711;FALSE;-0.3897444262053904;TRUE;-0.982310122918256;TRUE;3.132175724112948;FALSE
2014.0;Moita;Cursos Tecnológicos e Profissionais;12º ano;49.5;1830.0;941.8;3.1465149150135217;FALSE;1.466940579103103;TRUE;-0.1281560808974269;TRUE;3.132175724112948;FALSE
2014.0;Montemor-o-Velho;Cursos Tecnológicos e Profissionais;12º ano;49.5;155.0;833.7;3.313332797702552;FALSE;-0.2763034701635599;TRUE;-0.7144040297383891;TRUE;3.132175724112948;FALSE
2014.0;Mora;Cursos gerais;12º ano;49.5;53.0;826.5;3.5051733627949377;FALSE;-0.3824592271935297;TRUE;-0.7534510716593416;TRUE;3.132175724112948;FALSE
2014.0;Óbidos;Cursos gerais;12º ano;49.5;48.0;923.6;3.4134235273159703;FALSE;-0.3876629407734303;TRUE;-0.2268583257531668;TRUE;3.132175724112948;FALSE
2014.0;Óbidos;Cursos Tecnológicos e Profissionais;12º ano;49.5;48.0;923.6;5.123306824878533;FALSE;-0.3876629407734303;TRUE;-0.2268583257531668;TRUE;3.132175724112948;FALSE
2014.0;Odivelas;Cursos Tecnológicos e Profissionais;12º ano;49.5;1496.0;915.7;3.3550372683748098;FALSE;1.1193325119657505;TRUE;-0.2697016078608781;TRUE;3.132175724112948;FALSE
2014.0;Pedrógão Grande;Cursos Tecnológicos e Profissionais;12º ano;49.5;59.0;800.1;3.972263434324223;FALSE;-0.3762147708976492;TRUE;-0.8966235587028328;TRUE;3.132175724112948;FALSE
2014.0;Penacova;Cursos Tecnológicos e Profissionais;12º ano;49.5;38.0;816.4;3.930558963651965;FALSE;-0.3980703679332312;TRUE;-0.8082253943540108;TRUE;3.132175724112948;FALSE
2014.0;Penalva do Castelo;Cursos gerais;12º ano;49.5;94.0;787.6;3.3383554801059074;FALSE;-0.3397887758383457;TRUE;-0.9644135620378192;TRUE;3.132175724112948;FALSE
2014.0;Penamacor;Cursos gerais;12º ano;49.5;39.0;784.8;4.431012611719057;FALSE;-0.3970296252172511;TRUE;-0.9795985227848566;TRUE;3.132175724112948;FALSE
2014.0;Peso da Régua;Cursos gerais;12º ano;48.5;392.0;909.3;2.912969879248879;TRUE;-0.0296474464762768;TRUE;-0.3044100895683916;TRUE;3.045294271714031;FALSE
2014.0;Povoação;Cursos gerais;10º ano;48.3;388.0;933.0;2.896288090979976;TRUE;-0.0338104173401971;TRUE;-0.1758802432452571;TRUE;3.0279179812342476;FALSE
2014.0;Povoação;Cursos gerais;12º ano;49.5;388.0;933.0;3.930558963651965;FALSE;-0.0338104173401971;TRUE;-0.1758802432452571;TRUE;3.132175724112948;FALSE
2014.0;Ribeira Brava;Cursos gerais;12º ano;49.5;109.0;798.9;3.4884915745260345;FALSE;-0.3241776350986443;TRUE;-0.9031313990229918;TRUE;3.132175724112948;FALSE
2014.0;Ribeira Brava;Cursos Tecnológicos e Profissionais;12º ano;49.5;109.0;798.9;3.580241410005001;FALSE;-0.3241776350986443;TRUE;-0.9031313990229918;TRUE;3.132175724112948;FALSE
2014.0;Rio Maior;Cursos Tecnológicos e Profissionais;12º ano;49.5;155.0;920.2;3.855490916441901;FALSE;-0.2763034701635599;TRUE;-0.245297206660283;TRUE;3.132175724112948;FALSE
2014.0;Sabugal;Cursos gerais;12º ano;49.5;169.0;766.3;3.5051733627949377;FALSE;-0.2617330721398385;TRUE;-1.0799277277206365;TRUE;3.132175724112948;FALSE
2014.0;Santa Cruz da Graciosa;Cursos Tecnológicos e Profissionais;10º ano;49.5;125.0;933.0;4.080695058072092;FALSE;-0.3075257516429627;TRUE;-0.1758802432452571;TRUE;3.132175724112948;FALSE
2014.0;Santa Cruz da Graciosa;Cursos Tecnológicos e Profissionais;12º ano;49.5;125.0;933.0;4.431012611719057;FALSE;-0.3075257516429627;TRUE;-0.1758802432452571;TRUE;3.132175724112948;FALSE
2014.0;Santa Cruz das Flores;Cursos gerais;10º ano;49.5;24.0;933.0;3.680332139618419;FALSE;-0.4126407659569526;TRUE;-0.1758802432452571;TRUE;3.132175724112948;FALSE
2014.0;Santa Cruz das Flores;Cursos gerais;12º ano;49.5;24.0;933.0;3.471809786257132;FALSE;-0.4126407659569526;TRUE;-0.1758802432452571;TRUE;3.132175724112948;FALSE
2014.0;Santana;Cursos gerais;12º ano;49.5;87.0;828.4;3.3550372683748098;FALSE;-0.3470739748502064;TRUE;-0.7431469911524238;TRUE;3.132175724112948;FALSE
2014.0;São Brás de Alportel;Cursos Tecnológicos e Profissionais;12º ano;48.9;113.0;844.2;2.946333455786686;TRUE;-0.3200146642347239;TRUE;-0.6574604269370006;TRUE;3.080046852673598;FALSE
2014.0;São Vicente;Cursos gerais;12º ano;49.5;14.0;863.0;3.388400844912616;FALSE;-0.4230481931167535;TRUE;-0.5555042619211812;TRUE;3.132175724112948;FALSE
2014.0;Seixal;Cursos Tecnológicos e Profissionais;12º ano;49.5;1383.0;1138.5;3.0714468678034583;FALSE;1.0017285850599995;TRUE;0.9385874115819198;TRUE;3.132175724112948;FALSE
2014.0;Silves;Cursos Tecnológicos e Profissionais;12º ano;49.5;151.0;876.4;4.380967246912347;FALSE;-0.2804664410274802;TRUE;-0.4828333783460758;TRUE;3.132175724112948;FALSE
2014.0;Sines;Cursos gerais;12º ano;49.5;255.0;1776.3;3.5719005158705497;FALSE;-0.1722291985655501;TRUE;4.397504541746268;FALSE;3.132175724112948;FALSE
2014.0;Sines;Cursos Tecnológicos e Profissionais;12º ano;49.5;255.0;1776.3;3.947240751920869;FALSE;-0.1722291985655501;TRUE;4.397504541746268;FALSE;3.132175724112948;FALSE
2014.0;Sintra;Cursos Tecnológicos e Profissionais;12º ano;49.5;3303.0;1187.9;3.0797877619379097;FALSE;3.5994224041463228;FALSE;1.2064935047617866;TRUE;3.132175724112948;FALSE
2014.0;Tavira;Cursos Tecnológicos e Profissionais;12º ano;49.5;108.0;846.5;4.17244489355106;FALSE;-0.3252183778146244;TRUE;-0.6449870663233633;TRUE;3.132175724112948;FALSE
2014.0;Torre de Moncorvo;Cursos gerais;12º ano;49.5;54.0;978.4;4.322580987971187;FALSE;-0.3814184844775496;TRUE;0.0703330488674134;TRUE;3.132175724112948;FALSE
2014.0;Torres Novas;Cursos gerais;12º ano;49.0;223.0;989.3;2.9546743499211368;TRUE;-0.2055329654769132;TRUE;0.1294459317755215;TRUE;3.0887349979134897;FALSE
2014.0;Valpaços;Cursos gerais;12º ano;49.5;182.0;814.5;3.3550372683748098;FALSE;-0.2482034168320972;TRUE;-0.8185294748609285;TRUE;3.132175724112948;FALSE
2014.0;Velas;Cursos gerais;12º ano;49.5;115.0;933.0;3.5301960451982923;FALSE;-0.3179331788027637;TRUE;-0.1758802432452571;TRUE;3.132175724112948;FALSE
2014.0;Vila Franca de Xira;Cursos Tecnológicos e Profissionais;12º ano;49.5;1290.0;1113.1;3.972263434324223;FALSE;0.9049395124738504;TRUE;0.8008381248052269;TRUE;3.132175724112948;FALSE
2014.0;Vila Franca do Campo;Cursos gerais;12º ano;48.9;683.0;933.0;2.946333455786686;TRUE;0.2732086838739315;TRUE;-0.1758802432452571;TRUE;3.080046852673598;FALSE
2014.0;Vila Nova de Paiva;Cursos gerais;12º ano;49.5;45.0;731.3;3.038083291265652;FALSE;-0.3907851689213705;TRUE;-1.2697397370585983;TRUE;3.132175724112948;FALSE
2014.0;Vila Nova de Paiva;Cursos Tecnológicos e Profissionais;12º ano;49.5;45.0;731.3;4.431012611719057;FALSE;-0.3907851689213705;TRUE;-1.2697397370585983;TRUE;3.132175724112948;FALSE
2014.0;Vila Nova de Poiares;Cursos gerais;12º ano;49.5;134.0;879.3;3.630286774811711;FALSE;-0.2981590671991419;TRUE;-0.4671060975723591;TRUE;3.132175724112948;FALSE
2014.0;Vila Nova de Poiares;Cursos Tecnológicos e Profissionais;12º ano;49.5;134.0;879.3;3.4134235273159703;FALSE;-0.2981590671991419;TRUE;-0.4671060975723591;TRUE;3.132175724112948;FALSE
2014.0;Vila Real de Santo António;Cursos gerais;12º ano;49.0;271.0;858.8;2.9546743499211368;TRUE;-0.1555773151098685;TRUE;-0.5782817030417369;TRUE;3.0887349979134897;FALSE
2014.0;Vila Real de Santo António;Cursos Tecnológicos e Profissionais;12º ano;49.5;271.0;858.8;3.646968563080613;FALSE;-0.1555773151098685;TRUE;-0.5782817030417369;TRUE;3.132175724112948;FALSE
2015.0;Aguiar da Beira;Cursos Tecnológicos e Profissionais;12º ano;49.5;28.0;724.8;3.4134235273159703;FALSE;-0.4084777950930322;TRUE;-1.3049905387927914;TRUE;3.132175724112948;FALSE
2015.0;Alcochete;Cursos Tecnológicos e Profissionais;12º ano;49.5;170.0;1775.9;3.038083291265652;FALSE;-0.2606923294238584;TRUE;4.3953352616395485;FALSE;3.132175724112948;FALSE
2015.0;Alfândega da Fé;Cursos gerais;12º ano;49.5;29.0;744.9;4.030649693265384;FALSE;-0.4074370523770521;TRUE;-1.195984213430133;TRUE;3.132175724112948;FALSE
2015.0;Almeida;Cursos gerais;12º ano;48.8;66.0;758.4;2.937992561652233;TRUE;-0.3689295718857885;TRUE;-1.122771009828348;TRUE;3.071358707433706;FALSE
2015.0;Alpiarça;Cursos Tecnológicos e Profissionais;12º ano;49.5;69.0;882.2;4.431012611719057;FALSE;-0.3658073437378482;TRUE;-0.4513788167986418;TRUE;3.132175724112948;FALSE
2015.0;Carregal do Sal;Cursos Tecnológicos e Profissionais;12º ano;49.5;78.0;883.4;3.997286116727577;FALSE;-0.3564406592940273;TRUE;-0.4448709764784834;TRUE;3.132175724112948;FALSE
2015.0;Celorico da Beira;Cursos Tecnológicos e Profissionais;12º ano;49.5;77.0;735.0;4.431012611719057;FALSE;-0.3574814020100074;TRUE;-1.2496738960714422;TRUE;3.132175724112948;FALSE
2015.0;Horta;Cursos Tecnológicos e Profissionais;12º ano;49.5;200.0;979.4;3.163196703282425;FALSE;-0.2294700479444554;TRUE;0.0757562491342123;TRUE;3.132175724112948;FALSE
2015.0;Lagoa;Cursos Tecnológicos e Profissionais;12º ano;49.5;242.0;911.5;3.680332139618419;FALSE;-0.1857588538732913;TRUE;-0.2924790489814338;TRUE;3.132175724112948;FALSE
2015.0;Lagoa [R.A.A.];Cursos Tecnológicos e Profissionais;10º ano;49.5;982.0;848.4;3.855490916441901;FALSE;0.5843907559519805;TRUE;-0.6346829858164454;TRUE;3.132175724112948;FALSE
2015.0;Lagoa [R.A.A.];Cursos Tecnológicos e Profissionais;12º ano;49.5;982.0;848.4;4.164103999416608;FALSE;0.5843907559519805;TRUE;-0.6346829858164454;TRUE;3.132175724112948;FALSE
2015.0;Lajes do Pico;Cursos gerais;12º ano;49.5;50.0;787.8;3.1465149150135217;FALSE;-0.3855814553414701;TRUE;-0.96332892198446;TRUE;3.132175724112948;FALSE
2015.0;Mirandela;Cursos gerais;12º ano;49.5;174.0;855.2;3.096469550206813;FALSE;-0.256529358559938;TRUE;-0.5978052240022125;TRUE;3.132175724112948;FALSE
2015.0;Mogadouro;Cursos gerais;12º ano;49.0;61.0;782.5;2.9546743499211368;TRUE;-0.374133285465689;TRUE;-0.9920718833984938;TRUE;3.0887349979134897;FALSE
2015.0;Mondim de Basto;Cursos Tecnológicos e Profissionais;12º ano;49.5;94.0;721.0;4.114058634609899;FALSE;-0.3397887758383457;TRUE;-1.3255986998066271;TRUE;3.132175724112948;FALSE
2015.0;Montemor-o-Velho;Cursos Tecnológicos e Profissionais;12º ano;49.5;114.0;844.5;3.713695716156226;FALSE;-0.3189739215187439;TRUE;-0.6558334668569611;TRUE;3.132175724112948;FALSE
2015.0;Nordeste;Cursos Tecnológicos e Profissionais;12º ano;49.5;251.0;805.0;4.889761789113891;FALSE;-0.1763921694294705;TRUE;-0.8700498773955183;TRUE;3.132175724112948;FALSE
2015.0;Óbidos;Cursos gerais;12º ano;49.5;35.0;909.9;3.713695716156226;FALSE;-0.4011925960811715;TRUE;-0.3011561694083122;TRUE;3.132175724112948;FALSE
2015.0;Odivelas;Cursos Tecnológicos e Profissionais;12º ano;48.9;1416.0;894.0;2.946333455786686;TRUE;1.0360730946873429;TRUE;-0.3873850536504148;TRUE;3.080046852673598;FALSE
2015.0;Penacova;Cursos Tecnológicos e Profissionais;12º ano;48.9;39.0;843.2;2.946333455786686;TRUE;-0.3970296252172511;TRUE;-0.6628836272037995;TRUE;3.080046852673598;FALSE
2015.0;Porto Santo;Cursos gerais;12º ano;49.5;35.0;1091.9;3.5051733627949377;FALSE;-0.4011925960811715;TRUE;0.6858662791490909;TRUE;3.132175724112948;FALSE
2015.0;Povoação;Cursos gerais;12º ano;49.5;380.0;842.9;4.372626352777896;FALSE;-0.0421363590680379;TRUE;-0.6645105872838395;TRUE;3.132175724112948;FALSE
2015.0;Ribeira Grande;Cursos gerais;12º ano;49.1;3250.0;881.2;2.963015244055589;TRUE;2.944795235794841;TRUE;-0.4568020170654407;TRUE;3.0974231431533816;FALSE
2015.0;Salvaterra de Magos;Cursos Tecnológicos e Profissionais;12º ano;49.5;182.0;879.9;5.398556331315433;FALSE;-0.2482034168320972;TRUE;-0.4638521774122797;TRUE;3.132175724112948;FALSE
2015.0;Santa Cruz da Graciosa;Cursos gerais;10º ano;48.6;108.0;819.3;2.9213107733833312;TRUE;-0.3252183778146244;TRUE;-0.792498113580294;TRUE;3.053982416953923;FALSE
2015.0;São Brás de Alportel;Cursos Tecnológicos e Profissionais;12º ano;49.5;95.0;861.5;3.038083291265652;FALSE;-0.3387480331223657;TRUE;-0.5636390623213796;TRUE;3.132175724112948;FALSE
2015.0;São Vicente;Cursos Tecnológicos e Profissionais;10º ano;49.5;9.0;811.5;3.630286774811711;FALSE;-0.4282519066966541;TRUE;-0.8347990756613253;TRUE;3.132175724112948;FALSE
2015.0;Silves;Cursos Tecnológicos e Profissionais;12º ano;49.5;156.0;868.0;4.022308799130932;FALSE;-0.2752627274475797;TRUE;-0.5283882605871866;TRUE;3.132175724112948;FALSE
2015.0;Tavira;Cursos Tecnológicos e Profissionais;10º ano;49.5;77.0;837.5;4.12239952874435;FALSE;-0.3574814020100074;TRUE;-0.6937958687245536;TRUE;3.132175724112948;FALSE
2015.0;Tavira;Cursos Tecnológicos e Profissionais;12º ano;49.5;77.0;837.5;4.022308799130932;FALSE;-0.3574814020100074;TRUE;-0.6937958687245536;TRUE;3.132175724112948;FALSE
2015.0;Vila Nova de Foz Côa;Cursos gerais;12º ano;49.5;53.0;848.3;3.1465149150135217;FALSE;-0.3824592271935297;TRUE;-0.6352253058431255;TRUE;3.132175724112948;FALSE
2015.0;Vila Nova de Foz Côa;Cursos Tecnológicos e Profissionais;12º ano;49.5;53.0;848.3;3.997286116727577;FALSE;-0.3824592271935297;TRUE;-0.6352253058431255;TRUE;3.132175724112948;FALSE
2015.0;Vila Nova de Poiares;Cursos Tecnológicos e Profissionais;12º ano;49.5;102.0;867.9;3.2799692211647464;FALSE;-0.331462834110505;TRUE;-0.5289305806138667;TRUE;3.132175724112948;FALSE
2016.0;Alcochete;Cursos Tecnológicos e Profissionais;12º ano;49.5;152.0;2255.0;6.374440945046262;FALSE;-0.2794256983115001;TRUE;6.9935905094629085;FALSE;3.132175724112948;FALSE
2016.0;Alfândega da Fé;Cursos gerais;12º ano;49.5;35.0;753.0;3.038083291265652;FALSE;-0.4011925960811715;TRUE;-1.1520562912690615;TRUE;3.132175724112948;FALSE
2016.0;Almeida;Cursos Tecnológicos e Profissionais;12º ano;49.5;54.0;781.0;3.038083291265652;FALSE;-0.3814184844775496;TRUE;-1.0002066837986925;TRUE;3.132175724112948;FALSE
2016.0;Alpiarça;Cursos Tecnológicos e Profissionais;12º ano;49.5;78.0;872.7;3.538536939332744;FALSE;-0.3564406592940273;TRUE;-0.5028992193332315;TRUE;3.132175724112948;FALSE
2016.0;Angra do Heroísmo;Cursos Tecnológicos e Profissionais;12º ano;49.5;1234.0;971.4;3.747059292694032;FALSE;0.846657920378965;TRUE;0.032370646999821;TRUE;3.132175724112948;FALSE
2016.0;Arraiolos;Cursos gerais;12º ano;49.5;35.0;899.7;3.2966510094336496;FALSE;-0.4011925960811715;TRUE;-0.3564728121296607;TRUE;3.132175724112948;FALSE
2016.0;Cadaval;Cursos Tecnológicos e Profissionais;12º ano;49.5;38.0;881.4;5.540351531601109;FALSE;-0.3980703679332312;TRUE;-0.4557173770120812;TRUE;3.132175724112948;FALSE
2016.0;Celorico da Beira;Cursos Tecnológicos e Profissionais;12º ano;49.5;89.0;747.7;3.438446209719325;FALSE;-0.3449924894182463;TRUE;-1.180799252683096;TRUE;3.132175724112948;FALSE
2016.0;Ferreira do Alentejo;Cursos gerais;12º ano;49.5;146.0;885.7;3.038083291265652;FALSE;-0.2856701546073807;TRUE;-0.4323976158648456;TRUE;3.132175724112948;FALSE
2016.0;Lagoa [R.A.A.];Cursos Tecnológicos e Profissionais;12º ano;49.5;959.0;857.9;3.104810444341264;FALSE;0.5604536734844383;TRUE;-0.5831625832818558;TRUE;3.132175724112948;FALSE
2016.0;Lajes do Pico;Cursos gerais;12º ano;49.5;35.0;763.4;3.038083291265652;FALSE;-0.4011925960811715;TRUE;-1.0956550084943533;TRUE;3.132175724112948;FALSE
2016.0;Madalena;Cursos Tecnológicos e Profissionais;12º ano;49.5;81.0;867.5;4.264194729030026;FALSE;-0.3533184311460871;TRUE;-0.5310998607205861;TRUE;3.132175724112948;FALSE
2016.0;Mortágua;Cursos Tecnológicos e Profissionais;12º ano;49.5;30.0;918.8;3.038083291265652;FALSE;-0.406396309661072;TRUE;-0.252889687033802;TRUE;3.132175724112948;FALSE
2016.0;Nisa;Cursos gerais;12º ano;49.5;85.0;774.0;3.2966510094336496;FALSE;-0.3491554602821666;TRUE;-1.0381690856662846;TRUE;3.132175724112948;FALSE
2016.0;Óbidos;Cursos gerais;12º ano;49.5;24.0;909.7;3.380059950778165;FALSE;-0.4126407659569526;TRUE;-0.3022408094616716;TRUE;3.132175724112948;FALSE
2016.0;Penamacor;Cursos gerais;12º ano;49.5;35.0;808.3;3.038083291265652;FALSE;-0.4011925960811715;TRUE;-0.8521533165150821;TRUE;3.132175724112948;FALSE
2016.0;Povoação;Cursos gerais;12º ano;49.5;347.0;869.0;4.364285458643445;FALSE;-0.0764808686953811;TRUE;-0.5229650603203877;TRUE;3.132175724112948;FALSE
2016.0;Reguengos de Monsaraz;Cursos gerais;12º ano;49.5;289.0;876.5;3.163196703282425;FALSE;-0.1368439462222268;TRUE;-0.4822910583193958;TRUE;3.132175724112948;FALSE
2016.0;São Vicente;Cursos Tecnológicos e Profissionais;10º ano;49.5;4.0;805.3;3.5051733627949377;FALSE;-0.4334556202765545;TRUE;-0.8684229173154788;TRUE;3.132175724112948;FALSE
2016.0;Silves;Cursos Tecnológicos e Profissionais;12º ano;49.5;153.0;877.7;5.064920565937372;FALSE;-0.27838495559552;TRUE;-0.4757832179992369;TRUE;3.132175724112948;FALSE
2016.0;Tavira;Cursos Tecnológicos e Profissionais;12º ano;49.5;53.0;843.4;4.964829836323953;FALSE;-0.3824592271935297;TRUE;-0.66179898715044;TRUE;3.132175724112948;FALSE
2016.0;Terras de Bouro;Cursos gerais;12º ano;49.5;15.0;848.2;3.2799692211647464;FALSE;-0.4220074504007735;TRUE;-0.6357676258698048;TRUE;3.132175724112948;FALSE
2016.0;Valpaços;Cursos Tecnológicos e Profissionais;12º ano;49.5;190.0;763.7;3.038083291265652;FALSE;-0.2398774751042564;TRUE;-1.0940280484143132;TRUE;3.132175724112948;FALSE
2016.0;Vila Real de Santo António;Cursos Tecnológicos e Profissionais;12º ano;49.5;208.0;855.7;3.221582962223586;FALSE;-0.2211441062166147;TRUE;-0.595093623868813;TRUE;3.132175724112948;FALSE
2016.0;Vinhais;Cursos Tecnológicos e Profissionais;12º ano;49.5;86.0;773.1;3.872172704710804;FALSE;-0.3481147175661865;TRUE;-1.0430499659064034;TRUE;3.132175724112948;FALSE
2017.0;Alcochete;Cursos Tecnológicos e Profissionais;12º ano;49.5;158.0;2331.2;5.406897225449885;FALSE;-0.2731812420156195;TRUE;7.406838369792985;FALSE;3.132175724112948;FALSE
2017.0;Almada;Cursos Tecnológicos e Profissionais;12º ano;48.6;2807.0;1097.4;2.9213107733833312;TRUE;2.4837462126156584;TRUE;0.715693880616485;TRUE;3.053982416953923;FALSE
2017.0;Angra do Heroísmo;Cursos Tecnológicos e Profissionais;12º ano;49.5;1100.0;979.3;3.805445551635192;FALSE;0.707198396437632;TRUE;0.0752139291075323;TRUE;3.132175724112948;FALSE
2017.0;Corvo;Cursos gerais;10º ano;49.5;132.0;991.9;3.038083291265652;FALSE;-0.3002405526311021;TRUE;0.1435462524691988;TRUE;3.132175724112948;FALSE
2017.0;Corvo;Cursos gerais;12º ano;49.5;132.0;991.9;3.038083291265652;FALSE;-0.3002405526311021;TRUE;0.1435462524691988;TRUE;3.132175724112948;FALSE
2017.0;Estarreja;Cursos Tecnológicos e Profissionais;12º ano;49.5;380.0;1105.0;3.163196703282425;FALSE;-0.0421363590680379;TRUE;0.7569102026441562;TRUE;3.132175724112948;FALSE
2017.0;Figueira de Castelo Rodrigo;Cursos Tecnológicos e Profissionais;12º ano;49.5;166.0;792.1;5.640442261214528;FALSE;-0.2648553002877788;TRUE;-0.9400091608372242;TRUE;3.132175724112948;FALSE
2017.0;Gouveia;Cursos Tecnológicos e Profissionais;12º ano;49.2;196.0;829.1;2.97135613819004;TRUE;-0.2336330188083758;TRUE;-0.7393507509656643;TRUE;3.106111288393273;FALSE
2017.0;Lagoa;Cursos Tecnológicos e Profissionais;12º ano;49.5;221.0;964.5;4.0139679049964805;FALSE;-0.2076144509088734;TRUE;-0.0050494348410913;TRUE;3.132175724112948;FALSE
2017.0;Lagoa [R.A.A.];Cursos Tecnológicos e Profissionais;12º ano;49.5;969.0;894.7;3.89719538711416;FALSE;0.5708611006442392;TRUE;-0.3835888134636553;TRUE;3.132175724112948;FALSE
2017.0;Lajes do Pico;Cursos gerais;12º ano;49.5;48.0;797.2;3.171537597416877;FALSE;-0.3876629407734303;TRUE;-0.9123508394765496;TRUE;3.132175724112948;FALSE
2017.0;Lourinhã;Cursos Tecnológicos e Profissionais;12º ano;49.5;174.0;868.5;3.630286774811711;FALSE;-0.256529358559938;TRUE;-0.5256766604537871;TRUE;3.132175724112948;FALSE
2017.0;Madalena;Cursos Tecnológicos e Profissionais;12º ano;48.6;86.0;877.9;2.9213107733833312;TRUE;-0.3481147175661865;TRUE;-0.4746985779458775;TRUE;3.053982416953923;FALSE
2017.0;Montemor-o-Novo;Cursos Tecnológicos e Profissionais;12º ano;49.5;110.0;923.9;3.730377504425128;FALSE;-0.3231368923826642;TRUE;-0.2252313656731274;TRUE;3.132175724112948;FALSE
2017.0;Montijo;Cursos Tecnológicos e Profissionais;12º ano;49.5;814.0;995.4;3.154855809147974;FALSE;0.4095459796673242;TRUE;0.162527453402995;TRUE;3.132175724112948;FALSE
2017.0;Moura;Cursos gerais;12º ano;49.4;827.0;882.4;2.988037926458943;TRUE;0.4230756349750655;TRUE;-0.4502941767452824;TRUE;3.1234875788730565;FALSE
2017.0;Oleiros;Cursos gerais;10º ano;49.5;7.0;876.1;4.431012611719057;FALSE;-0.4303333921286142;TRUE;-0.4844603384261153;TRUE;3.132175724112948;FALSE
2017.0;Porto Santo;Cursos Tecnológicos e Profissionais;12º ano;49.5;18.0;1087.0;3.630286774811711;FALSE;-0.4188852222528332;TRUE;0.6592925978417757;TRUE;3.132175724112948;FALSE
2017.0;Reguengos de Monsaraz;Cursos Tecnológicos e Profissionais;12º ano;49.5;276.0;897.5;3.038083291265652;FALSE;-0.1503736015299681;TRUE;-0.3684038527166186;TRUE;3.132175724112948;FALSE
2017.0;Sever do Vouga;Cursos Tecnológicos e Profissionais;12º ano;49.5;56.0;953.2;4.431012611719057;FALSE;-0.3793369990455895;TRUE;-0.0663315978559188;TRUE;3.132175724112948;FALSE
2017.0;Silves;Cursos Tecnológicos e Profissionais;12º ano;49.5;127.0;916.9;4.139081317013253;FALSE;-0.3054442662110025;TRUE;-0.2631937675407198;TRUE;3.132175724112948;FALSE
2017.0;Tavira;Cursos Tecnológicos e Profissionais;12º ano;49.5;64.0;865.0;4.431012611719057;FALSE;-0.3710110573177487;TRUE;-0.5446578613875833;TRUE;3.132175724112948;FALSE
2017.0;Vila Franca de Xira;Cursos Tecnológicos e Profissionais;12º ano;49.5;1067.0;1190.4;3.238264750492489;FALSE;0.6728538868102888;TRUE;1.220051505428784;TRUE;3.132175724112948;FALSE
2017.0;Vila Real de Santo António;Cursos Tecnológicos e Profissionais;12º ano;49.5;215.0;883.3;3.229923856358037;FALSE;-0.213858907204754;TRUE;-0.4454132965051635;TRUE;3.132175724112948;FALSE
2017.0;Vinhais;Cursos gerais;12º ano;49.5;82.0;749.8;3.038083291265652;FALSE;-0.352277688430107;TRUE;-1.1694105321228183;TRUE;3.132175724112948;FALSE
2018.0;Cadaval;Cursos Tecnológicos e Profissionais;12º ano;49.5;43.0;943.7;6.374440945046262;FALSE;-0.3928666543533307;TRUE;-0.1178520003905085;TRUE;3.132175724112948;FALSE
2018.0;Câmara de Lobos;Cursos Tecnológicos e Profissionais;10º ano;49.5;307.0;950.9;5.757214779096848;FALSE;-0.118110577334585;TRUE;-0.0788049584695567;TRUE;3.132175724112948;FALSE
2018.0;Ferreira do Alentejo;Cursos gerais;12º ano;49.5;96.0;965.3;3.038083291265652;FALSE;-0.3377072904063856;TRUE;-0.0007108746276524;TRUE;3.132175724112948;FALSE
2018.0;Lagoa [R.A.A.];Cursos Tecnológicos e Profissionais;12º ano;48.9;908.0;937.3;2.946333455786686;TRUE;0.5073757949694534;TRUE;-0.152560482098022;TRUE;3.080046852673598;FALSE
2018.0;Mértola;Cursos gerais;10º ano;49.5;71.0;831.6;3.038083291265652;FALSE;-0.363725858305888;TRUE;-0.725792750298667;TRUE;3.132175724112948;FALSE
2018.0;Miranda do Douro;Cursos gerais;12º ano;49.5;54.0;873.3;3.038083291265652;FALSE;-0.3814184844775496;TRUE;-0.4996452991731526;TRUE;3.132175724112948;FALSE
2018.0;Miranda do Douro;Cursos Tecnológicos e Profissionais;12º ano;49.5;54.0;873.3;3.5051733627949377;FALSE;-0.3814184844775496;TRUE;-0.4996452991731526;TRUE;3.132175724112948;FALSE
2018.0;Ourique;Cursos gerais;12º ano;49.5;46.0;839.1;3.872172704710804;FALSE;-0.3897444262053904;TRUE;-0.6851187482976752;TRUE;3.132175724112948;FALSE
2018.0;Silves;Cursos Tecnológicos e Profissionais;12º ano;49.5;118.0;935.7;3.2799692211647464;FALSE;-0.3148109506548234;TRUE;-0.1612376025248998;TRUE;3.132175724112948;FALSE
2018.0;Sobral de Monte Agraço;Cursos Tecnológicos e Profissionais;12º ano;49.5;41.0;949.6;3.038083291265652;FALSE;-0.394948139785291;TRUE;-0.085855118816395;TRUE;3.132175724112948;FALSE
2018.0;Tavira;Cursos Tecnológicos e Profissionais;12º ano;49.5;76.0;885.8;3.630286774811711;FALSE;-0.3585221447259875;TRUE;-0.4318552958381662;TRUE;3.132175724112948;FALSE
2019.0;Alijó;Cursos Tecnológicos e Profissionais;12º ano;49.5;125.0;921.8;3.038083291265652;FALSE;-0.3075257516429627;TRUE;-0.2366200862334052;TRUE;3.132175724112948;FALSE
2019.0;Almada;Cursos Tecnológicos e Profissionais;12º ano;49.5;2853.0;1160.8;3.0214015029967487;FALSE;2.531620377550743;TRUE;1.0595247775315353;TRUE;3.132175724112948;FALSE
2019.0;Carregal do Sal;Cursos Tecnológicos e Profissionais;12º ano;49.5;37.0;984.1;4.67289854161815;FALSE;-0.3991111106492113;TRUE;0.1012452903881675;TRUE;3.132175724112948;FALSE
2019.0;Ílhavo;Cursos Tecnológicos e Profissionais;12º ano;48.1;354.0;1148.9;2.879606302711074;TRUE;-0.0691956696835205;TRUE;0.9949886943566292;TRUE;3.0105416907544646;FALSE
2019.0;Lagoa [R.A.A.];Cursos gerais;12º ano;49.5;804.0;941.9;3.380059950778165;FALSE;0.3991385525075233;TRUE;-0.1276137608707469;TRUE;3.132175724112948;FALSE
2019.0;Lourinhã;Cursos Tecnológicos e Profissionais;12º ano;49.5;194.0;964.9;3.313332797702552;FALSE;-0.235714504240336;TRUE;-0.0028801547343718;TRUE;3.132175724112948;FALSE
2019.0;Manteigas;Cursos gerais;12º ano;49.5;11.0;852.8;3.5051733627949377;FALSE;-0.4261704212646938;TRUE;-0.6108209046425304;TRUE;3.132175724112948;FALSE
2019.0;Mêda;Cursos gerais;12º ano;49.5;19.0;888.7;3.038083291265652;FALSE;-0.4178444795368531;TRUE;-0.4161280150644488;TRUE;3.132175724112948;FALSE
2019.0;Moita;Cursos Tecnológicos e Profissionais;12º ano;49.5;1565.0;985.1;3.2966510094336496;FALSE;1.1911437593683774;TRUE;0.1066684906549664;TRUE;3.132175724112948;FALSE
2019.0;Mora;Cursos gerais;12º ano;49.5;18.0;981.3;3.038083291265652;FALSE;-0.4188852222528332;TRUE;0.0860603296411301;TRUE;3.132175724112948;FALSE
2019.0;Nazaré;Cursos gerais;12º ano;49.5;43.0;917.6;3.24660564462694;FALSE;-0.3928666543533307;TRUE;-0.2593975273539603;TRUE;3.132175724112948;FALSE
2019.0;Nelas;Cursos Tecnológicos e Profissionais;12º ano;48.6;100.0;1098.2;2.9213107733833312;TRUE;-0.3335443195424652;TRUE;0.7200324408299238;TRUE;3.053982416953923;FALSE
2020.0;Carregal do Sal;Cursos Tecnológicos e Profissionais;12º ano;49.5;37.0;994.7;6.449508992256326;FALSE;-0.3991111106492113;TRUE;0.1587312132162361;TRUE;3.132175724112948;FALSE
2020.0;Ílhavo;Cursos Tecnológicos e Profissionais;12º ano;49.5;358.0;1179.0;3.038083291265652;FALSE;-0.0650326988196001;TRUE;1.158227022387276;TRUE;3.132175724112948;FALSE
2020.0;Lagoa [R.A.A.];Cursos Tecnológicos e Profissionais;12º ano;49.5;691.0;972.5;3.221582962223586;FALSE;0.2815346256017723;TRUE;0.0383361672932999;TRUE;3.132175724112948;FALSE
2020.0;Miranda do Douro;Cursos Tecnológicos e Profissionais;12º ano;49.5;47.0;916.0;5.123306824878533;FALSE;-0.3887036834894103;TRUE;-0.2680746477808387;TRUE;3.132175724112948;FALSE
2020.0;Mora;Cursos gerais;10º ano;49.5;18.0;1010.6;3.038083291265652;FALSE;-0.4188852222528332;TRUE;0.2449600974583387;TRUE;3.132175724112948;FALSE
2020.0;Porto Santo;Cursos Tecnológicos e Profissionais;12º ano;49.5;13.0;1206.0;3.038083291265652;FALSE;-0.4240889358327336;TRUE;1.3046534295908463;TRUE;3.132175724112948;FALSE
2020.0;Póvoa de Varzim;Cursos Tecnológicos e Profissionais;12º ano;49.5;370.0;1029.7;4.147422211147704;FALSE;-0.0525437862278389;TRUE;0.3485432225541982;TRUE;3.132175724112948;FALSE
2020.0;Valpaços;Cursos Tecnológicos e Profissionais;12º ano;49.5;176.0;863.6;3.5051733627949377;FALSE;-0.2544478731279778;TRUE;-0.5522503417611018;TRUE;3.132175724112948;FALSE
2020.0;Vila Nova de Paiva;Cursos Tecnológicos e Profissionais;12º ano;49.5;35.0;884.4;3.730377504425128;FALSE;-0.4011925960811715;TRUE;-0.4394477762116845;TRUE;3.132175724112948;FALSE
2021.0;Carregal do Sal;Cursos Tecnológicos e Profissionais;12º ano;49.5;47.0;1080.7;4.431012611719057;FALSE;-0.3887036834894103;TRUE;0.6251264361609428;TRUE;3.132175724112948;FALSE
2021.0;Lourinhã;Cursos Tecnológicos e Profissionais;12º ano;48.3;188.0;1077.0;2.896288090979976;TRUE;-0.2419589605362166;TRUE;0.6050605951737866;TRUE;3.0279179812342476;FALSE
2022.0;Arronches;Cursos Tecnológicos e Profissionais;11º ano;49.5;15.0;979.0;3.038083291265652;FALSE;-0.4220074504007735;TRUE;0.0735869690274929;TRUE;3.132175724112948;FALSE
2022.0;Lagoa [R.A.A.];Cursos Tecnológicos e Profissionais;12º ano;49.5;537.0;1074.5;3.038083291265652;FALSE;0.1212602473408373;TRUE;0.5915025945067893;TRUE;3.132175724112948;FALSE
2022.0;Madalena;Cursos Tecnológicos e Profissionais;12º ano;49.5;37.0;1021.2;4.080695058072092;FALSE;-0.3991111106492113;TRUE;0.3024460202864074;TRUE;3.132175724112948;FALSE
2022.0;Mêda;Cursos gerais;12º ano;49.5;34.0;937.4;3.038083291265652;FALSE;-0.4022333387971516;TRUE;-0.152018162071342;TRUE;3.132175724112948;FALSE
2022.0;Nordeste;Cursos Tecnológicos e Profissionais;12º ano;49.5;165.0;919.2;3.772081975097386;FALSE;-0.2658960430037589;TRUE;-0.2507204069270819;TRUE;3.132175724112948;FALSE
