Ano;Regiao;Curso;Ano Escolar;Valor Alunos;Valor RSI;Valor GMM;zscore_valor_alunos;zscore_bool_valor_alunos;zscore_valor_rsi;zscore_bool_valor_rsi;zscore_valor_gmm;zscore_bool_valor_gmm
2012;Alcochete;Cursos gerais;10º ano;13.6;211.0;1346.7;0.0019978263252975;TRUE;-0.2180218780686744;TRUE;4.976160010213712;FALSE
2012;Alcochete;Cursos gerais;11º ano;22.2;211.0;1346.7;0.7193147218881285;TRUE;-0.2180218780686744;TRUE;4.976160010213712;FALSE
2012;Alcochete;Cursos gerais;12º ano;36.4;211.0;1346.7;1.9037216889802449;TRUE;-0.2180218780686744;TRUE;4.976160010213712;FALSE
2012;Alcochete;Cursos Tecnológicos e Profissionais;10º ano;0.0;211.0;1346.7;-1.1323637759601095;TRUE;-0.2180218780686744;TRUE;4.976160010213712;FALSE
2012;Alcochete;Cursos Tecnológicos e Profissionais;11º ano;4.6;211.0;1346.7;-0.7486826457753396;TRUE;-0.2180218780686744;TRUE;4.976160010213712;FALSE
2012;Alcochete;Cursos Tecnológicos e Profissionais;12º ano;70.2;211.0;1346.7;4.72294390642486;FALSE;-0.2180218780686744;TRUE;4.976160010213712;FALSE
2012;Castro Verde;Cursos gerais;10º ano;16.1;146.0;1346.7;0.2105201796865857;TRUE;-0.2856701546073807;TRUE;3.5623317006592345;FALSE
2012;Castro Verde;Cursos gerais;11º ano;9.7;146.0;1346.7;-0.3232970449183119;TRUE;-0.2856701546073807;TRUE;3.5623317006592345;FALSE
2012;Castro Verde;Cursos gerais;12º ano;35.3;146.0;1346.7;1.8119718535012777;TRUE;-0.2856701546073807;TRUE;3.5623317006592345;FALSE
2012;Castro Verde;Cursos Tecnológicos e Profissionais;10º ano;21.6;146.0;1346.7;0.6692693570814195;TRUE;-0.2856701546073807;TRUE;3.5623317006592345;FALSE
2012;Castro Verde;Cursos Tecnológicos e Profissionais;11º ano;11.1;146.0;1346.7;-0.2065245270359905;TRUE;-0.2856701546073807;TRUE;3.5623317006592345;FALSE
2012;Castro Verde;Cursos Tecnológicos e Profissionais;12º ano;14.3;146.0;1346.7;0.0603840852664582;TRUE;-0.2856701546073807;TRUE;3.5623317006592345;FALSE
2012;Lisboa;Cursos gerais;10º ano;17.9;12066.0;1346.7;0.3606562741067129;TRUE;12.11998301987538;FALSE;3.390416252201709;FALSE
2012;Lisboa;Cursos gerais;11º ano;15.2;12066.0;1346.7;0.1354521324765218;TRUE;12.11998301987538;FALSE;3.390416252201709;FALSE
2012;Lisboa;Cursos gerais;12º ano;32.8;12066.0;1346.7;1.6034495001399898;TRUE;12.11998301987538;FALSE;3.390416252201709;FALSE
2012;Lisboa;Cursos Tecnológicos e Profissionais;10º ano;14.4;12066.0;1346.7;0.0687249794009097;TRUE;12.11998301987538;FALSE;3.390416252201709;FALSE
2012;Lisboa;Cursos Tecnológicos e Profissionais;11º ano;9.7;12066.0;1346.7;-0.3232970449183119;TRUE;12.11998301987538;FALSE;3.390416252201709;FALSE
2012;Lisboa;Cursos Tecnológicos e Profissionais;12º ano;39.9;12066.0;1346.7;2.195652983686048;TRUE;12.11998301987538;FALSE;3.390416252201709;FALSE
2012;Oeiras;Cursos gerais;10º ano;20.0;1871.0;1346.7;0.5358150509301951;TRUE;1.509611030458287;TRUE;4.010288042696826;FALSE
2012;Oeiras;Cursos gerais;11º ano;16.7;1871.0;1346.7;0.2605655444932947;TRUE;1.509611030458287;TRUE;4.010288042696826;FALSE
2012;Oeiras;Cursos gerais;12º ano;36.0;1871.0;1346.7;1.8703581124424389;TRUE;1.509611030458287;TRUE;4.010288042696826;FALSE
2012;Oeiras;Cursos Tecnológicos e Profissionais;10º ano;12.2;1871.0;1346.7;-0.1147746915570238;TRUE;1.509611030458287;TRUE;4.010288042696826;FALSE
2012;Oeiras;Cursos Tecnológicos e Profissionais;11º ano;23.3;1871.0;1346.7;0.8110645573670954;TRUE;1.509611030458287;TRUE;4.010288042696826;FALSE
2012;Oeiras;Cursos Tecnológicos e Profissionais;12º ano;35.7;1871.0;1346.7;1.8453354300390843;TRUE;1.509611030458287;TRUE;4.010288042696826;FALSE
2012;Sines;Cursos gerais;10º ano;23.6;331.0;1346.7;0.8360872397704501;TRUE;-0.0931327521510627;TRUE;4.471802385401413;FALSE
2012;Sines;Cursos gerais;11º ano;23.6;331.0;1346.7;0.8360872397704501;TRUE;-0.0931327521510627;TRUE;4.471802385401413;FALSE
2012;Sines;Cursos gerais;12º ano;40.2;331.0;1346.7;2.220675666089403;TRUE;-0.0931327521510627;TRUE;4.471802385401413;FALSE
2012;Sines;Cursos Tecnológicos e Profissionais;10º ano;17.1;331.0;1346.7;0.2939291210311009;TRUE;-0.0931327521510627;TRUE;4.471802385401413;FALSE
2012;Sines;Cursos Tecnológicos e Profissionais;11º ano;3.0;331.0;1346.7;-0.8821369519265639;TRUE;-0.0931327521510627;TRUE;4.471802385401413;FALSE
2012;Sines;Cursos Tecnológicos e Profissionais;12º ano;21.9;331.0;1346.7;0.6942920394847739;TRUE;-0.0931327521510627;TRUE;4.471802385401413;FALSE
2013;Alcochete;Cursos gerais;10º ano;18.4;208.0;1346.7;0.4023607447789705;TRUE;-0.2211441062166147;TRUE;3.127933359288642;FALSE
2013;Alcochete;Cursos gerais;11º ano;27.6;208.0;1346.7;1.169723005148511;TRUE;-0.2211441062166147;TRUE;3.127933359288642;FALSE
2013;Alcochete;Cursos gerais;12º ano;45.8;208.0;1346.7;2.687765737618688;TRUE;-0.2211441062166147;TRUE;3.127933359288642;FALSE
2013;Alcochete;Cursos Tecnológicos e Profissionais;10º ano;11.3;208.0;1346.7;-0.1898427387670874;TRUE;-0.2211441062166147;TRUE;3.127933359288642;FALSE
2013;Alcochete;Cursos Tecnológicos e Profissionais;11º ano;3.2;208.0;1346.7;-0.865455163657661;TRUE;-0.2211441062166147;TRUE;3.127933359288642;FALSE
2013;Alcochete;Cursos Tecnológicos e Profissionais;12º ano;46.8;208.0;1346.7;2.771174678963203;TRUE;-0.2211441062166147;TRUE;3.127933359288642;FALSE
2013;Castro Verde;Cursos gerais;10º ano;8.8;114.0;1346.7;-0.3983650921283755;TRUE;-0.3189739215187439;TRUE;3.4717642562036923;FALSE
2013;Castro Verde;Cursos gerais;11º ano;0.0;114.0;1346.7;-1.1323637759601095;TRUE;-0.3189739215187439;TRUE;3.4717642562036923;FALSE
2013;Castro Verde;Cursos gerais;12º ano;24.1;114.0;1346.7;0.8777917104427077;TRUE;-0.3189739215187439;TRUE;3.4717642562036923;FALSE
2013;Castro Verde;Cursos Tecnológicos e Profissionais;10º ano;2.7;114.0;1346.7;-0.9071596343299186;TRUE;-0.3189739215187439;TRUE;3.4717642562036923;FALSE
2013;Castro Verde;Cursos Tecnológicos e Profissionais;11º ano;0.0;114.0;1346.7;-1.1323637759601095;TRUE;-0.3189739215187439;TRUE;3.4717642562036923;FALSE
2013;Castro Verde;Cursos Tecnológicos e Profissionais;12º ano;0.0;114.0;1346.7;-1.1323637759601095;TRUE;-0.3189739215187439;TRUE;3.4717642562036923;FALSE
2013;Lisboa;Cursos gerais;10º ano;18.2;11103.0;1346.7;0.3856789565100675;TRUE;11.117747784386546;FALSE;3.3052720080129667;FALSE
2013;Lisboa;Cursos gerais;11º ano;15.1;11103.0;1346.7;0.1271112383420703;TRUE;11.117747784386546;FALSE;3.3052720080129667;FALSE
2013;Lisboa;Cursos gerais;12º ano;32.4;11103.0;1346.7;1.5700859236021838;TRUE;11.117747784386546;FALSE;3.3052720080129667;FALSE
2013;Lisboa;Cursos Tecnológicos e Profissionais;10º ano;9.4;11103.0;1346.7;-0.3483197273216664;TRUE;11.117747784386546;FALSE;3.3052720080129667;FALSE
2013;Lisboa;Cursos Tecnológicos e Profissionais;11º ano;7.7;11103.0;1346.7;-0.4901149276073424;TRUE;11.117747784386546;FALSE;3.3052720080129667;FALSE
2013;Lisboa;Cursos Tecnológicos e Profissionais;12º ano;41.5;11103.0;1346.7;2.329107289837273;TRUE;11.117747784386546;FALSE;3.3052720080129667;FALSE
2013;Oeiras;Cursos gerais;10º ano;16.9;1229.0;1346.7;0.2772473327621977;TRUE;0.8414542067990646;TRUE;3.875250356053532;FALSE
2013;Oeiras;Cursos gerais;11º ano;14.2;1229.0;1346.7;0.0520431911320066;TRUE;0.8414542067990646;TRUE;3.875250356053532;FALSE
2013;Oeiras;Cursos gerais;12º ano;41.9;1229.0;1346.7;2.362470866375079;TRUE;0.8414542067990646;TRUE;3.875250356053532;FALSE
2013;Oeiras;Cursos Tecnológicos e Profissionais;10º ano;10.5;1229.0;1346.7;-0.2565698918426997;TRUE;0.8414542067990646;TRUE;3.875250356053532;FALSE
2013;Oeiras;Cursos Tecnológicos e Profissionais;11º ano;5.0;1229.0;1346.7;-0.7153190692375335;TRUE;0.8414542067990646;TRUE;3.875250356053532;FALSE
2013;Oeiras;Cursos Tecnológicos e Profissionais;12º ano;45.6;1229.0;1346.7;2.6710839493497858;TRUE;0.8414542067990646;TRUE;3.875250356053532;FALSE
2013;Sines;Cursos gerais;10º ano;16.4;281.0;1346.7;0.23554286208994;TRUE;-0.1451698879500676;TRUE;4.460955984867815;FALSE
2013;Sines;Cursos gerais;11º ano;26.0;281.0;1346.7;1.0362686989972865;TRUE;-0.1451698879500676;TRUE;4.460955984867815;FALSE
2013;Sines;Cursos gerais;12º ano;53.7;281.0;1346.7;3.3466963742403584;FALSE;-0.1451698879500676;TRUE;4.460955984867815;FALSE
2013;Sines;Cursos Tecnológicos e Profissionais;10º ano;6.3;281.0;1346.7;-0.6068874454896637;TRUE;-0.1451698879500676;TRUE;4.460955984867815;FALSE
2013;Sines;Cursos Tecnológicos e Profissionais;11º ano;13.4;281.0;1346.7;-0.0146839619436054;TRUE;-0.1451698879500676;TRUE;4.460955984867815;FALSE
2013;Sines;Cursos Tecnológicos e Profissionais;12º ano;58.4;281.0;1346.7;3.738718398559581;FALSE;-0.1451698879500676;TRUE;4.460955984867815;FALSE
2014;Castro Verde;Cursos gerais;10º ano;30.0;88.0;1346.7;1.3699044643753475;TRUE;-0.3460332321342264;TRUE;3.511895938178005;FALSE
2014;Castro Verde;Cursos gerais;11º ano;2.2;88.0;1346.7;-0.9488641050021762;TRUE;-0.3460332321342264;TRUE;3.511895938178005;FALSE
2014;Castro Verde;Cursos gerais;12º ano;23.4;88.0;1346.7;0.8194054515015468;TRUE;-0.3460332321342264;TRUE;3.511895938178005;FALSE
2014;Castro Verde;Cursos Tecnológicos e Profissionais;10º ano;4.5;88.0;1346.7;-0.7570235399097911;TRUE;-0.3460332321342264;TRUE;3.511895938178005;FALSE
2014;Castro Verde;Cursos Tecnológicos e Profissionais;11º ano;0.0;88.0;1346.7;-1.1323637759601095;TRUE;-0.3460332321342264;TRUE;3.511895938178005;FALSE
2014;Castro Verde;Cursos Tecnológicos e Profissionais;12º ano;13.0;88.0;1346.7;-0.0480475384814116;TRUE;-0.3460332321342264;TRUE;3.511895938178005;FALSE
2014;Lisboa;Cursos gerais;10º ano;18.0;9529.0;1346.7;0.3689971682411646;TRUE;9.479618749433874;FALSE;3.2277202441977413;FALSE
2014;Lisboa;Cursos gerais;11º ano;15.2;9529.0;1346.7;0.1354521324765218;TRUE;9.479618749433874;FALSE;3.2277202441977413;FALSE
2014;Lisboa;Cursos gerais;12º ano;33.0;9529.0;1346.7;1.6201312884088932;TRUE;9.479618749433874;FALSE;3.2277202441977413;FALSE
2014;Lisboa;Cursos Tecnológicos e Profissionais;10º ano;7.9;9529.0;1346.7;-0.4734331393384393;TRUE;9.479618749433874;FALSE;3.2277202441977413;FALSE
2014;Lisboa;Cursos Tecnológicos e Profissionais;11º ano;6.5;9529.0;1346.7;-0.5902056572207607;TRUE;9.479618749433874;FALSE;3.2277202441977413;FALSE
2014;Lisboa;Cursos Tecnológicos e Profissionais;12º ano;42.4;9529.0;1346.7;2.404175337047336;TRUE;9.479618749433874;FALSE;3.2277202441977413;FALSE
2014;Oeiras;Cursos gerais;10º ano;17.9;994.0;1346.7;0.3606562741067129;TRUE;0.5968796685437417;TRUE;3.8421688344260594;FALSE
2014;Oeiras;Cursos gerais;11º ano;11.7;994.0;1346.7;-0.1564791622292815;TRUE;0.5968796685437417;TRUE;3.8421688344260594;FALSE
2014;Oeiras;Cursos gerais;12º ano;36.4;994.0;1346.7;1.9037216889802449;TRUE;0.5968796685437417;TRUE;3.8421688344260594;FALSE
2014;Oeiras;Cursos Tecnológicos e Profissionais;10º ano;8.1;994.0;1346.7;-0.4567513510695363;TRUE;0.5968796685437417;TRUE;3.8421688344260594;FALSE
2014;Oeiras;Cursos Tecnológicos e Profissionais;11º ano;6.7;994.0;1346.7;-0.5735238689518576;TRUE;0.5968796685437417;TRUE;3.8421688344260594;FALSE
2014;Oeiras;Cursos Tecnológicos e Profissionais;12º ano;28.5;994.0;1346.7;1.2447910523585746;TRUE;0.5968796685437417;TRUE;3.8421688344260594;FALSE
2014;Sines;Cursos gerais;10º ano;25.0;255.0;1346.7;0.9528597576527712;TRUE;-0.1722291985655501;TRUE;4.397504541746268;FALSE
2014;Sines;Cursos gerais;11º ano;20.0;255.0;1346.7;0.5358150509301951;TRUE;-0.1722291985655501;TRUE;4.397504541746268;FALSE
2014;Sines;Cursos gerais;12º ano;56.4;255.0;1346.7;3.5719005158705497;FALSE;-0.1722291985655501;TRUE;4.397504541746268;FALSE
2014;Sines;Cursos Tecnológicos e Profissionais;10º ano;11.0;255.0;1346.7;-0.214865421170442;TRUE;-0.1722291985655501;TRUE;4.397504541746268;FALSE
2014;Sines;Cursos Tecnológicos e Profissionais;11º ano;4.6;255.0;1346.7;-0.7486826457753396;TRUE;-0.1722291985655501;TRUE;4.397504541746268;FALSE
2014;Sines;Cursos Tecnológicos e Profissionais;12º ano;60.9;255.0;1346.7;3.947240751920869;FALSE;-0.1722291985655501;TRUE;4.397504541746268;FALSE
2015;Alcochete;Cursos gerais;10º ano;9.6;170.0;1346.7;-0.3316379390527634;TRUE;-0.2606923294238584;TRUE;4.3953352616395485;FALSE
2015;Alcochete;Cursos gerais;11º ano;8.6;170.0;1346.7;-0.4150468803972786;TRUE;-0.2606923294238584;TRUE;4.3953352616395485;FALSE
2015;Alcochete;Cursos gerais;12º ano;46.3;170.0;1346.7;2.729470208290945;TRUE;-0.2606923294238584;TRUE;4.3953352616395485;FALSE
2015;Alcochete;Cursos Tecnológicos e Profissionais;10º ano;0.0;170.0;1346.7;-1.1323637759601095;TRUE;-0.2606923294238584;TRUE;4.3953352616395485;FALSE
2015;Alcochete;Cursos Tecnológicos e Profissionais;11º ano;0.0;170.0;1346.7;-1.1323637759601095;TRUE;-0.2606923294238584;TRUE;4.3953352616395485;FALSE
2015;Alcochete;Cursos Tecnológicos e Profissionais;12º ano;50.0;170.0;1346.7;3.038083291265652;FALSE;-0.2606923294238584;TRUE;4.3953352616395485;FALSE
2015;Castro Verde;Cursos gerais;10º ano;15.2;72.0;1346.7;0.1354521324765218;TRUE;-0.3626851155899079;TRUE;3.553112260205676;FALSE
2015;Castro Verde;Cursos gerais;11º ano;11.8;72.0;1346.7;-0.1481382680948298;TRUE;-0.3626851155899079;TRUE;3.553112260205676;FALSE
2015;Castro Verde;Cursos gerais;12º ano;42.9;72.0;1346.7;2.445879807719594;TRUE;-0.3626851155899079;TRUE;3.553112260205676;FALSE
2015;Castro Verde;Cursos Tecnológicos e Profissionais;10º ano;0.0;72.0;1346.7;-1.1323637759601095;TRUE;-0.3626851155899079;TRUE;3.553112260205676;FALSE
2015;Castro Verde;Cursos Tecnológicos e Profissionais;11º ano;0.0;72.0;1346.7;-1.1323637759601095;TRUE;-0.3626851155899079;TRUE;3.553112260205676;FALSE
2015;Castro Verde;Cursos Tecnológicos e Profissionais;12º ano;4.8;72.0;1346.7;-0.7320008575064365;TRUE;-0.3626851155899079;TRUE;3.553112260205676;FALSE
2015;Lisboa;Cursos gerais;10º ano;16.9;8435.0;1346.7;0.2772473327621977;TRUE;8.341046218151645;FALSE;3.164268801076195;FALSE
2015;Lisboa;Cursos gerais;11º ano;13.0;8435.0;1346.7;-0.0480475384814116;TRUE;8.341046218151645;FALSE;3.164268801076195;FALSE
2015;Lisboa;Cursos gerais;12º ano;29.1;8435.0;1346.7;1.2948364171652835;TRUE;8.341046218151645;FALSE;3.164268801076195;FALSE
2015;Lisboa;Cursos Tecnológicos e Profissionais;10º ano;8.8;8435.0;1346.7;-0.3983650921283755;TRUE;8.341046218151645;FALSE;3.164268801076195;FALSE
2015;Lisboa;Cursos Tecnológicos e Profissionais;11º ano;7.3;8435.0;1346.7;-0.5234785041451485;TRUE;8.341046218151645;FALSE;3.164268801076195;FALSE
2015;Lisboa;Cursos Tecnológicos e Profissionais;12º ano;37.4;8435.0;1346.7;1.98713063032476;TRUE;8.341046218151645;FALSE;3.164268801076195;FALSE
2015;Oeiras;Cursos gerais;10º ano;15.1;829.0;1346.7;0.1271112383420703;TRUE;0.4251571204070257;TRUE;4.159968370060475;FALSE
2015;Oeiras;Cursos gerais;11º ano;13.5;829.0;1346.7;-0.0063430678091539;TRUE;0.4251571204070257;TRUE;4.159968370060475;FALSE
2015;Oeiras;Cursos gerais;12º ano;33.3;829.0;1346.7;1.6451539708122476;TRUE;0.4251571204070257;TRUE;4.159968370060475;FALSE
2015;Oeiras;Cursos Tecnológicos e Profissionais;10º ano;4.1;829.0;1346.7;-0.7903871164475973;TRUE;0.4251571204070257;TRUE;4.159968370060475;FALSE
2015;Oeiras;Cursos Tecnológicos e Profissionais;11º ano;4.2;829.0;1346.7;-0.7820462223131458;TRUE;0.4251571204070257;TRUE;4.159968370060475;FALSE
2015;Oeiras;Cursos Tecnológicos e Profissionais;12º ano;32.9;829.0;1346.7;1.6117903942744416;TRUE;0.4251571204070257;TRUE;4.159968370060475;FALSE
2015;Sines;Cursos gerais;10º ano;35.7;237.0;1346.7;1.8453354300390843;TRUE;-0.1909625674531918;TRUE;4.260297574996256;FALSE
2015;Sines;Cursos gerais;11º ano;17.0;237.0;1346.7;0.2855882268966493;TRUE;-0.1909625674531918;TRUE;4.260297574996256;FALSE
2015;Sines;Cursos gerais;12º ano;43.7;237.0;1346.7;2.5126069607952064;TRUE;-0.1909625674531918;TRUE;4.260297574996256;FALSE
2015;Sines;Cursos Tecnológicos e Profissionais;10º ano;4.0;237.0;1346.7;-0.7987280105820488;TRUE;-0.1909625674531918;TRUE;4.260297574996256;FALSE
2015;Sines;Cursos Tecnológicos e Profissionais;11º ano;0.0;237.0;1346.7;-1.1323637759601095;TRUE;-0.1909625674531918;TRUE;4.260297574996256;FALSE
2015;Sines;Cursos Tecnológicos e Profissionais;12º ano;43.9;237.0;1346.7;2.529288749064109;TRUE;-0.1909625674531918;TRUE;4.260297574996256;FALSE
2015;Vila do Porto;Cursos gerais;10º ano;9.3;175.0;1346.7;-0.3566606214561179;TRUE;-0.2554886158439579;TRUE;4.694695916366848;FALSE
2015;Vila do Porto;Cursos gerais;11º ano;12.2;175.0;1346.7;-0.1147746915570238;TRUE;-0.2554886158439579;TRUE;4.694695916366848;FALSE
2015;Vila do Porto;Cursos gerais;12º ano;26.2;175.0;1346.7;1.0529504872661894;TRUE;-0.2554886158439579;TRUE;4.694695916366848;FALSE
2015;Vila do Porto;Cursos Tecnológicos e Profissionais;10º ano;4.5;175.0;1346.7;-0.7570235399097911;TRUE;-0.2554886158439579;TRUE;4.694695916366848;FALSE
2015;Vila do Porto;Cursos Tecnológicos e Profissionais;11º ano;0.0;175.0;1346.7;-1.1323637759601095;TRUE;-0.2554886158439579;TRUE;4.694695916366848;FALSE
2015;Vila do Porto;Cursos Tecnológicos e Profissionais;12º ano;0.0;175.0;1346.7;-1.1323637759601095;TRUE;-0.2554886158439579;TRUE;4.694695916366848;FALSE
2016;Alcochete;Cursos gerais;10º ano;18.5;152.0;1346.7;0.4107016389134222;TRUE;-0.2794256983115001;TRUE;6.9935905094629085;FALSE
2016;Alcochete;Cursos gerais;11º ano;4.0;152.0;1346.7;-0.7987280105820488;TRUE;-0.2794256983115001;TRUE;6.9935905094629085;FALSE
2016;Alcochete;Cursos gerais;12º ano;40.4;152.0;1346.7;2.237357454358306;TRUE;-0.2794256983115001;TRUE;6.9935905094629085;FALSE
2016;Alcochete;Cursos Tecnológicos e Profissionais;10º ano;1.2;152.0;1346.7;-1.0322730463466916;TRUE;-0.2794256983115001;TRUE;6.9935905094629085;FALSE
2016;Alcochete;Cursos Tecnológicos e Profissionais;11º ano;1.9;152.0;1346.7;-0.9738867874055308;TRUE;-0.2794256983115001;TRUE;6.9935905094629085;FALSE
2016;Alcochete;Cursos Tecnológicos e Profissionais;12º ano;90.0;152.0;1346.7;6.374440945046262;FALSE;-0.2794256983115001;TRUE;6.9935905094629085;FALSE
2016;Castro Verde;Cursos gerais;10º ano;17.0;67.0;1346.7;0.2855882268966493;TRUE;-0.3678888291698084;TRUE;3.830780113865781;FALSE
2016;Castro Verde;Cursos gerais;11º ano;13.6;67.0;1346.7;0.0019978263252975;TRUE;-0.3678888291698084;TRUE;3.830780113865781;FALSE
2016;Castro Verde;Cursos gerais;12º ano;30.6;67.0;1346.7;1.4199498291820567;TRUE;-0.3678888291698084;TRUE;3.830780113865781;FALSE
2016;Castro Verde;Cursos Tecnológicos e Profissionais;10º ano;0.0;67.0;1346.7;-1.1323637759601095;TRUE;-0.3678888291698084;TRUE;3.830780113865781;FALSE
2016;Castro Verde;Cursos Tecnológicos e Profissionais;11º ano;0.0;67.0;1346.7;-1.1323637759601095;TRUE;-0.3678888291698084;TRUE;3.830780113865781;FALSE
2016;Castro Verde;Cursos Tecnológicos e Profissionais;12º ano;0.0;67.0;1346.7;-1.1323637759601095;TRUE;-0.3678888291698084;TRUE;3.830780113865781;FALSE
2016;Lisboa;Cursos gerais;10º ano;18.2;7802.0;1346.7;0.3856789565100675;TRUE;7.682256078936244;FALSE;3.180538401876592;FALSE
2016;Lisboa;Cursos gerais;11º ano;11.2;7802.0;1346.7;-0.1981836329015391;TRUE;7.682256078936244;FALSE;3.180538401876592;FALSE
2016;Lisboa;Cursos gerais;12º ano;29.4;7802.0;1346.7;1.319859099568638;TRUE;7.682256078936244;FALSE;3.180538401876592;FALSE
2016;Lisboa;Cursos Tecnológicos e Profissionais;10º ano;8.4;7802.0;1346.7;-0.4317286686661817;TRUE;7.682256078936244;FALSE;3.180538401876592;FALSE
2016;Lisboa;Cursos Tecnológicos e Profissionais;11º ano;6.8;7802.0;1346.7;-0.5651829748174061;TRUE;7.682256078936244;FALSE;3.180538401876592;FALSE
2016;Lisboa;Cursos Tecnológicos e Profissionais;12º ano;30.9;7802.0;1346.7;1.444972511585411;TRUE;7.682256078936244;FALSE;3.180538401876592;FALSE
2016;Oeiras;Cursos gerais;10º ano;18.1;706.0;1346.7;0.3773380623756162;TRUE;0.2971457663414737;TRUE;3.977748841096032;FALSE
2016;Oeiras;Cursos gerais;11º ano;8.5;706.0;1346.7;-0.4233877745317302;TRUE;0.2971457663414737;TRUE;3.977748841096032;FALSE
2016;Oeiras;Cursos gerais;12º ano;29.8;706.0;1346.7;1.3532226761064443;TRUE;0.2971457663414737;TRUE;3.977748841096032;FALSE
2016;Oeiras;Cursos Tecnológicos e Profissionais;10º ano;3.0;706.0;1346.7;-0.8821369519265639;TRUE;0.2971457663414737;TRUE;3.977748841096032;FALSE
2016;Oeiras;Cursos Tecnológicos e Profissionais;11º ano;5.3;706.0;1346.7;-0.6902963868341789;TRUE;0.2971457663414737;TRUE;3.977748841096032;FALSE
2016;Oeiras;Cursos Tecnológicos e Profissionais;12º ano;34.4;706.0;1346.7;1.7369038062912143;TRUE;0.2971457663414737;TRUE;3.977748841096032;FALSE
2016;Sines;Cursos gerais;10º ano;10.7;211.0;1346.7;-0.2398881035737967;TRUE;-0.2180218780686744;TRUE;4.478852545748251;FALSE
2016;Sines;Cursos gerais;11º ano;13.0;211.0;1346.7;-0.0480475384814116;TRUE;-0.2180218780686744;TRUE;4.478852545748251;FALSE
2016;Sines;Cursos gerais;12º ano;40.8;211.0;1346.7;2.270721030896112;TRUE;-0.2180218780686744;TRUE;4.478852545748251;FALSE
2016;Sines;Cursos Tecnológicos e Profissionais;10º ano;4.1;211.0;1346.7;-0.7903871164475973;TRUE;-0.2180218780686744;TRUE;4.478852545748251;FALSE
2016;Sines;Cursos Tecnológicos e Profissionais;11º ano;1.0;211.0;1346.7;-1.0489548346155946;TRUE;-0.2180218780686744;TRUE;4.478852545748251;FALSE
2016;Sines;Cursos Tecnológicos e Profissionais;12º ano;31.9;211.0;1346.7;1.5283814529299262;TRUE;-0.2180218780686744;TRUE;4.478852545748251;FALSE
2016;Vila do Porto;Cursos gerais;10º ano;33.9;143.0;1346.7;1.6951993356189567;TRUE;-0.288792382755321;TRUE;4.844918563757178;FALSE
2016;Vila do Porto;Cursos gerais;11º ano;19.0;143.0;1346.7;0.4524061095856798;TRUE;-0.288792382755321;TRUE;4.844918563757178;FALSE
2016;Vila do Porto;Cursos gerais;12º ano;17.1;143.0;1346.7;0.2939291210311009;TRUE;-0.288792382755321;TRUE;4.844918563757178;FALSE
2016;Vila do Porto;Cursos Tecnológicos e Profissionais;10º ano;20.0;143.0;1346.7;0.5358150509301951;TRUE;-0.288792382755321;TRUE;4.844918563757178;FALSE
2016;Vila do Porto;Cursos Tecnológicos e Profissionais;11º ano;0.0;143.0;1346.7;-1.1323637759601095;TRUE;-0.288792382755321;TRUE;4.844918563757178;FALSE
2016;Vila do Porto;Cursos Tecnológicos e Profissionais;12º ano;0.0;143.0;1346.7;-1.1323637759601095;TRUE;-0.288792382755321;TRUE;4.844918563757178;FALSE
2017;Alcochete;Cursos gerais;10º ano;16.0;158.0;1346.7;0.2021792855521341;TRUE;-0.2731812420156195;TRUE;7.406838369792985;FALSE
2017;Alcochete;Cursos gerais;11º ano;15.1;158.0;1346.7;0.1271112383420703;TRUE;-0.2731812420156195;TRUE;7.406838369792985;FALSE
2017;Alcochete;Cursos gerais;12º ano;31.4;158.0;1346.7;1.4866769822576686;TRUE;-0.2731812420156195;TRUE;7.406838369792985;FALSE
2017;Alcochete;Cursos Tecnológicos e Profissionais;10º ano;1.3;158.0;1346.7;-1.0239321522122398;TRUE;-0.2731812420156195;TRUE;7.406838369792985;FALSE
2017;Alcochete;Cursos Tecnológicos e Profissionais;11º ano;1.4;158.0;1346.7;-1.0155912580777884;TRUE;-0.2731812420156195;TRUE;7.406838369792985;FALSE
2017;Alcochete;Cursos Tecnológicos e Profissionais;12º ano;78.4;158.0;1346.7;5.406897225449885;FALSE;-0.2731812420156195;TRUE;7.406838369792985;FALSE
2017;Castro Verde;Cursos gerais;10º ano;24.1;69.0;1346.7;0.8777917104427077;TRUE;-0.3658073437378482;TRUE;4.18491509128775;FALSE
2017;Castro Verde;Cursos gerais;11º ano;9.1;69.0;1346.7;-0.3733424097250211;TRUE;-0.3658073437378482;TRUE;4.18491509128775;FALSE
2017;Castro Verde;Cursos gerais;12º ano;36.4;69.0;1346.7;1.9037216889802449;TRUE;-0.3658073437378482;TRUE;4.18491509128775;FALSE
2017;Castro Verde;Cursos Tecnológicos e Profissionais;10º ano;0.0;69.0;1346.7;-1.1323637759601095;TRUE;-0.3658073437378482;TRUE;4.18491509128775;FALSE
2017;Castro Verde;Cursos Tecnológicos e Profissionais;11º ano;0.0;69.0;1346.7;-1.1323637759601095;TRUE;-0.3658073437378482;TRUE;4.18491509128775;FALSE
2017;Castro Verde;Cursos Tecnológicos e Profissionais;12º ano;0.0;69.0;1346.7;-1.1323637759601095;TRUE;-0.3658073437378482;TRUE;4.18491509128775;FALSE
2017;Lisboa;Cursos gerais;10º ano;19.8;7815.0;1346.7;0.5191332626612921;TRUE;7.6957857342439855;FALSE;3.328591769160202;FALSE
2017;Lisboa;Cursos gerais;11º ano;12.2;7815.0;1346.7;-0.1147746915570238;TRUE;7.6957857342439855;FALSE;3.328591769160202;FALSE
2017;Lisboa;Cursos gerais;12º ano;26.1;7815.0;1346.7;1.044609593131738;TRUE;7.6957857342439855;FALSE;3.328591769160202;FALSE
2017;Lisboa;Cursos Tecnológicos e Profissionais;10º ano;9.0;7815.0;1346.7;-0.3816833038594726;TRUE;7.6957857342439855;FALSE;3.328591769160202;FALSE
2017;Lisboa;Cursos Tecnológicos e Profissionais;11º ano;7.2;7815.0;1346.7;-0.5318193982796;TRUE;7.6957857342439855;FALSE;3.328591769160202;FALSE
2017;Lisboa;Cursos Tecnológicos e Profissionais;12º ano;32.8;7815.0;1346.7;1.6034495001399898;TRUE;7.6957857342439855;FALSE;3.328591769160202;FALSE
2017;Oeiras;Cursos gerais;10º ano;18.3;776.0;1346.7;0.3940198506445192;TRUE;0.3699977564600805;TRUE;4.201727012114827;FALSE
2017;Oeiras;Cursos gerais;11º ano;7.9;776.0;1346.7;-0.4734331393384393;TRUE;0.3699977564600805;TRUE;4.201727012114827;FALSE
2017;Oeiras;Cursos gerais;12º ano;27.9;776.0;1346.7;1.1947456875518654;TRUE;0.3699977564600805;TRUE;4.201727012114827;FALSE
2017;Oeiras;Cursos Tecnológicos e Profissionais;10º ano;4.6;776.0;1346.7;-0.7486826457753396;TRUE;0.3699977564600805;TRUE;4.201727012114827;FALSE
2017;Oeiras;Cursos Tecnológicos e Profissionais;11º ano;3.1;776.0;1346.7;-0.8737960577921124;TRUE;0.3699977564600805;TRUE;4.201727012114827;FALSE
2017;Oeiras;Cursos Tecnológicos e Profissionais;12º ano;37.0;776.0;1346.7;1.953767053786954;TRUE;0.3699977564600805;TRUE;4.201727012114827;FALSE
2017;Sines;Cursos gerais;10º ano;25.8;188.0;1346.7;1.0195869107283837;TRUE;-0.2419589605362166;TRUE;4.160510690087155;FALSE
2017;Sines;Cursos gerais;11º ano;10.9;188.0;1346.7;-0.2232063153048935;TRUE;-0.2419589605362166;TRUE;4.160510690087155;FALSE
2017;Sines;Cursos gerais;12º ano;36.2;188.0;1346.7;1.887039900711342;TRUE;-0.2419589605362166;TRUE;4.160510690087155;FALSE
2017;Sines;Cursos Tecnológicos e Profissionais;10º ano;0.9;188.0;1346.7;-1.057295728750046;TRUE;-0.2419589605362166;TRUE;4.160510690087155;FALSE
2017;Sines;Cursos Tecnológicos e Profissionais;11º ano;1.8;188.0;1346.7;-0.9822276815399822;TRUE;-0.2419589605362166;TRUE;4.160510690087155;FALSE
2017;Sines;Cursos Tecnológicos e Profissionais;12º ano;19.6;188.0;1346.7;0.5024514743923891;TRUE;-0.2419589605362166;TRUE;4.160510690087155;FALSE
2017;Vila do Porto;Cursos gerais;10º ano;14.6;132.0;1346.7;0.0854067676698127;TRUE;-0.3002405526311021;TRUE;4.816175602343144;FALSE
2017;Vila do Porto;Cursos gerais;11º ano;15.0;132.0;1346.7;0.1187703442076188;TRUE;-0.3002405526311021;TRUE;4.816175602343144;FALSE
2017;Vila do Porto;Cursos gerais;12º ano;37.5;132.0;1346.7;1.995471524459212;TRUE;-0.3002405526311021;TRUE;4.816175602343144;FALSE
2017;Vila do Porto;Cursos Tecnológicos e Profissionais;10º ano;19.2;132.0;1346.7;0.4690878978545828;TRUE;-0.3002405526311021;TRUE;4.816175602343144;FALSE
2017;Vila do Porto;Cursos Tecnológicos e Profissionais;11º ano;0.0;132.0;1346.7;-1.1323637759601095;TRUE;-0.3002405526311021;TRUE;4.816175602343144;FALSE
2017;Vila do Porto;Cursos Tecnológicos e Profissionais;12º ano;5.0;132.0;1346.7;-0.7153190692375335;TRUE;-0.3002405526311021;TRUE;4.816175602343144;FALSE
2018;Alcochete;Cursos gerais;10º ano;12.9;152.0;1346.7;-0.0563884326158631;TRUE;-0.2794256983115001;TRUE;6.44205104232946;FALSE
2018;Alcochete;Cursos gerais;11º ano;9.4;152.0;1346.7;-0.3483197273216664;TRUE;-0.2794256983115001;TRUE;6.44205104232946;FALSE
2018;Alcochete;Cursos gerais;12º ano;29.8;152.0;1346.7;1.3532226761064443;TRUE;-0.2794256983115001;TRUE;6.44205104232946;FALSE
2018;Alcochete;Cursos Tecnológicos e Profissionais;10º ano;5.6;152.0;1346.7;-0.6652737044308245;TRUE;-0.2794256983115001;TRUE;6.44205104232946;FALSE
2018;Alcochete;Cursos Tecnológicos e Profissionais;11º ano;0.0;152.0;1346.7;-1.1323637759601095;TRUE;-0.2794256983115001;TRUE;6.44205104232946;FALSE
2018;Alcochete;Cursos Tecnológicos e Profissionais;12º ano;33.9;152.0;1346.7;1.6951993356189567;TRUE;-0.2794256983115001;TRUE;6.44205104232946;FALSE
2018;Castro Verde;Cursos gerais;10º ano;19.0;64.0;1346.7;0.4524061095856798;TRUE;-0.3710110573177487;TRUE;4.699034476580288;FALSE
2018;Castro Verde;Cursos gerais;11º ano;4.3;64.0;1346.7;-0.7737053281786941;TRUE;-0.3710110573177487;TRUE;4.699034476580288;FALSE
2018;Castro Verde;Cursos gerais;12º ano;11.4;64.0;1346.7;-0.1815018446326359;TRUE;-0.3710110573177487;TRUE;4.699034476580288;FALSE
2018;Castro Verde;Cursos Tecnológicos e Profissionais;10º ano;0.0;64.0;1346.7;-1.1323637759601095;TRUE;-0.3710110573177487;TRUE;4.699034476580288;FALSE
2018;Castro Verde;Cursos Tecnológicos e Profissionais;11º ano;0.0;64.0;1346.7;-1.1323637759601095;TRUE;-0.3710110573177487;TRUE;4.699034476580288;FALSE
2018;Castro Verde;Cursos Tecnológicos e Profissionais;12º ano;0.0;64.0;1346.7;-1.1323637759601095;TRUE;-0.3710110573177487;TRUE;4.699034476580288;FALSE
2018;Lisboa;Cursos gerais;10º ano;15.6;8016.0;1346.7;0.168815709014328;TRUE;7.904975020155985;FALSE;3.528707859005081;FALSE
2018;Lisboa;Cursos gerais;11º ano;10.7;8016.0;1346.7;-0.2398881035737967;TRUE;7.904975020155985;FALSE;3.528707859005081;FALSE
2018;Lisboa;Cursos gerais;12º ano;24.3;8016.0;1346.7;0.8944734987116106;TRUE;7.904975020155985;FALSE;3.528707859005081;FALSE
2018;Lisboa;Cursos Tecnológicos e Profissionais;10º ano;8.4;8016.0;1346.7;-0.4317286686661817;TRUE;7.904975020155985;FALSE;3.528707859005081;FALSE
2018;Lisboa;Cursos Tecnológicos e Profissionais;11º ano;6.2;8016.0;1346.7;-0.6152283396241152;TRUE;7.904975020155985;FALSE;3.528707859005081;FALSE
2018;Lisboa;Cursos Tecnológicos e Profissionais;12º ano;29.4;8016.0;1346.7;1.319859099568638;TRUE;7.904975020155985;FALSE;3.528707859005081;FALSE
2018;Oeiras;Cursos gerais;10º ano;15.9;748.0;1346.7;0.1938383914176826;TRUE;0.3408569604126378;TRUE;4.479937185801611;FALSE
2018;Oeiras;Cursos gerais;11º ano;7.5;748.0;1346.7;-0.5067967158762454;TRUE;0.3408569604126378;TRUE;4.479937185801611;FALSE
2018;Oeiras;Cursos gerais;12º ano;28.4;748.0;1346.7;1.236450158224123;TRUE;0.3408569604126378;TRUE;4.479937185801611;FALSE
2018;Oeiras;Cursos Tecnológicos e Profissionais;10º ano;3.6;748.0;1346.7;-0.8320915871198549;TRUE;0.3408569604126378;TRUE;4.479937185801611;FALSE
2018;Oeiras;Cursos Tecnológicos e Profissionais;11º ano;2.0;748.0;1346.7;-0.9655458932710792;TRUE;0.3408569604126378;TRUE;4.479937185801611;FALSE
2018;Oeiras;Cursos Tecnológicos e Profissionais;12º ano;25.9;748.0;1346.7;1.0279278048628349;TRUE;0.3408569604126378;TRUE;4.479937185801611;FALSE
2018;Sines;Cursos gerais;10º ano;25.9;181.0;1346.7;1.0279278048628349;TRUE;-0.2492441595480773;TRUE;4.198473091954747;FALSE
2018;Sines;Cursos gerais;11º ano;15.0;181.0;1346.7;0.1187703442076188;TRUE;-0.2492441595480773;TRUE;4.198473091954747;FALSE
2018;Sines;Cursos gerais;12º ano;19.3;181.0;1346.7;0.4774287919890344;TRUE;-0.2492441595480773;TRUE;4.198473091954747;FALSE
2018;Sines;Cursos Tecnológicos e Profissionais;10º ano;0.8;181.0;1346.7;-1.0656366228844976;TRUE;-0.2492441595480773;TRUE;4.198473091954747;FALSE
2018;Sines;Cursos Tecnológicos e Profissionais;11º ano;1.0;181.0;1346.7;-1.0489548346155946;TRUE;-0.2492441595480773;TRUE;4.198473091954747;FALSE
2018;Sines;Cursos Tecnológicos e Profissionais;12º ano;28.3;181.0;1346.7;1.2281092640896716;TRUE;-0.2492441595480773;TRUE;4.198473091954747;FALSE
2018;Vila do Porto;Cursos gerais;10º ano;21.7;116.0;1346.7;0.6776102512158709;TRUE;-0.3168924360867836;TRUE;5.160548819284875;FALSE
2018;Vila do Porto;Cursos gerais;11º ano;2.1;116.0;1346.7;-0.9572049991366276;TRUE;-0.3168924360867836;TRUE;5.160548819284875;FALSE
2018;Vila do Porto;Cursos gerais;12º ano;17.9;116.0;1346.7;0.3606562741067129;TRUE;-0.3168924360867836;TRUE;5.160548819284875;FALSE
2018;Vila do Porto;Cursos Tecnológicos e Profissionais;10º ano;4.2;116.0;1346.7;-0.7820462223131458;TRUE;-0.3168924360867836;TRUE;5.160548819284875;FALSE
2018;Vila do Porto;Cursos Tecnológicos e Profissionais;11º ano;0.0;116.0;1346.7;-1.1323637759601095;TRUE;-0.3168924360867836;TRUE;5.160548819284875;FALSE
2018;Vila do Porto;Cursos Tecnológicos e Profissionais;12º ano;18.7;116.0;1346.7;0.4273834271823252;TRUE;-0.3168924360867836;TRUE;5.160548819284875;FALSE
2019;Alcochete;Cursos gerais;10º ano;16.2;151.0;1346.7;0.2188610738210371;TRUE;-0.2804664410274802;TRUE;5.673041244497373;FALSE
2019;Alcochete;Cursos gerais;11º ano;7.6;151.0;1346.7;-0.4984558217417939;TRUE;-0.2804664410274802;TRUE;5.673041244497373;FALSE
2019;Alcochete;Cursos gerais;12º ano;31.4;151.0;1346.7;1.4866769822576686;TRUE;-0.2804664410274802;TRUE;5.673041244497373;FALSE
2019;Alcochete;Cursos Tecnológicos e Profissionais;10º ano;1.4;151.0;1346.7;-1.0155912580777884;TRUE;-0.2804664410274802;TRUE;5.673041244497373;FALSE
2019;Alcochete;Cursos Tecnológicos e Profissionais;11º ano;1.5;151.0;1346.7;-1.0072503639433368;TRUE;-0.2804664410274802;TRUE;5.673041244497373;FALSE
2019;Alcochete;Cursos Tecnológicos e Profissionais;12º ano;14.5;151.0;1346.7;0.0770658735353612;TRUE;-0.2804664410274802;TRUE;5.673041244497373;FALSE
2019;Castro Verde;Cursos gerais;10º ano;9.4;62.0;1346.7;-0.3483197273216664;TRUE;-0.3730925427497089;TRUE;4.505426227055566;FALSE
2019;Castro Verde;Cursos gerais;11º ano;9.7;62.0;1346.7;-0.3232970449183119;TRUE;-0.3730925427497089;TRUE;4.505426227055566;FALSE
2019;Castro Verde;Cursos gerais;12º ano;27.3;62.0;1346.7;1.1447003227451564;TRUE;-0.3730925427497089;TRUE;4.505426227055566;FALSE
2019;Castro Verde;Cursos Tecnológicos e Profissionais;10º ano;3.6;62.0;1346.7;-0.8320915871198549;TRUE;-0.3730925427497089;TRUE;4.505426227055566;FALSE
2019;Castro Verde;Cursos Tecnológicos e Profissionais;11º ano;5.9;62.0;1346.7;-0.6402510220274698;TRUE;-0.3730925427497089;TRUE;4.505426227055566;FALSE
2019;Castro Verde;Cursos Tecnológicos e Profissionais;12º ano;8.3;62.0;1346.7;-0.4400695628006332;TRUE;-0.3730925427497089;TRUE;4.505426227055566;FALSE
2019;Lisboa;Cursos gerais;10º ano;13.9;8126.0;1346.7;0.0270205087286521;TRUE;8.019456718913796;FALSE;3.817764433225464;FALSE
2019;Lisboa;Cursos gerais;11º ano;9.5;8126.0;1346.7;-0.3399788331872149;TRUE;8.019456718913796;FALSE;3.817764433225464;FALSE
2019;Lisboa;Cursos gerais;12º ano;22.6;8126.0;1346.7;0.7526782984259348;TRUE;8.019456718913796;FALSE;3.817764433225464;FALSE
2019;Lisboa;Cursos Tecnológicos e Profissionais;10º ano;7.8;8126.0;1346.7;-0.4817740334728909;TRUE;8.019456718913796;FALSE;3.817764433225464;FALSE
2019;Lisboa;Cursos Tecnológicos e Profissionais;11º ano;6.0;8126.0;1346.7;-0.6319101278930183;TRUE;8.019456718913796;FALSE;3.817764433225464;FALSE
2019;Lisboa;Cursos Tecnológicos e Profissionais;12º ano;29.2;8126.0;1346.7;1.3031773112997351;TRUE;8.019456718913796;FALSE;3.817764433225464;FALSE
2019;Oeiras;Cursos gerais;10º ano;16.4;690.0;1346.7;0.23554286208994;TRUE;0.2804938828857922;TRUE;4.245112614249218;FALSE
2019;Oeiras;Cursos gerais;11º ano;7.9;690.0;1346.7;-0.4734331393384393;TRUE;0.2804938828857922;TRUE;4.245112614249218;FALSE
2019;Oeiras;Cursos gerais;12º ano;25.2;690.0;1346.7;0.9695415459216742;TRUE;0.2804938828857922;TRUE;4.245112614249218;FALSE
2019;Oeiras;Cursos Tecnológicos e Profissionais;10º ano;3.8;690.0;1346.7;-0.8154097988509518;TRUE;0.2804938828857922;TRUE;4.245112614249218;FALSE
2019;Oeiras;Cursos Tecnológicos e Profissionais;11º ano;8.3;690.0;1346.7;-0.4400695628006332;TRUE;0.2804938828857922;TRUE;4.245112614249218;FALSE
2019;Oeiras;Cursos Tecnológicos e Profissionais;12º ano;24.0;690.0;1346.7;0.869450816308256;TRUE;0.2804938828857922;TRUE;4.245112614249218;FALSE
2019;Sines;Cursos gerais;10º ano;25.9;180.0;1346.7;1.0279278048628349;TRUE;-0.2502849022640574;TRUE;4.902946806611927;FALSE
2019;Sines;Cursos gerais;11º ano;6.7;180.0;1346.7;-0.5735238689518576;TRUE;-0.2502849022640574;TRUE;4.902946806611927;FALSE
2019;Sines;Cursos gerais;12º ano;44.7;180.0;1346.7;2.5960159021397216;TRUE;-0.2502849022640574;TRUE;4.902946806611927;FALSE
2019;Sines;Cursos Tecnológicos e Profissionais;10º ano;1.2;180.0;1346.7;-1.0322730463466916;TRUE;-0.2502849022640574;TRUE;4.902946806611927;FALSE
2019;Sines;Cursos Tecnológicos e Profissionais;11º ano;0.9;180.0;1346.7;-1.057295728750046;TRUE;-0.2502849022640574;TRUE;4.902946806611927;FALSE
2019;Sines;Cursos Tecnológicos e Profissionais;12º ano;20.6;180.0;1346.7;0.5858604157369043;TRUE;-0.2502849022640574;TRUE;4.902946806611927;FALSE
2020;Alcochete;Cursos gerais;10º ano;3.3;147.0;1346.7;-0.8571142695232093;TRUE;-0.2846294118914006;TRUE;5.716426846631764;FALSE
2020;Alcochete;Cursos gerais;11º ano;1.8;147.0;1346.7;-0.9822276815399822;TRUE;-0.2846294118914006;TRUE;5.716426846631764;FALSE
2020;Alcochete;Cursos gerais;12º ano;16.0;147.0;1346.7;0.2021792855521341;TRUE;-0.2846294118914006;TRUE;5.716426846631764;FALSE
2020;Alcochete;Cursos Tecnológicos e Profissionais;10º ano;1.2;147.0;1346.7;-1.0322730463466916;TRUE;-0.2846294118914006;TRUE;5.716426846631764;FALSE
2020;Alcochete;Cursos Tecnológicos e Profissionais;11º ano;1.7;147.0;1346.7;-0.990568575674434;TRUE;-0.2846294118914006;TRUE;5.716426846631764;FALSE
2020;Alcochete;Cursos Tecnológicos e Profissionais;12º ano;21.7;147.0;1346.7;0.6776102512158709;TRUE;-0.2846294118914006;TRUE;5.716426846631764;FALSE
2020;Castro Verde;Cursos gerais;10º ano;13.0;59.0;1346.7;-0.0480475384814116;TRUE;-0.3762147708976492;TRUE;5.291247945714728;FALSE
2020;Castro Verde;Cursos gerais;11º ano;0.0;59.0;1346.7;-1.1323637759601095;TRUE;-0.3762147708976492;TRUE;5.291247945714728;FALSE
2020;Castro Verde;Cursos gerais;12º ano;6.7;59.0;1346.7;-0.5735238689518576;TRUE;-0.3762147708976492;TRUE;5.291247945714728;FALSE
2020;Castro Verde;Cursos Tecnológicos e Profissionais;10º ano;12.5;59.0;1346.7;-0.0897520091536692;TRUE;-0.3762147708976492;TRUE;5.291247945714728;FALSE
2020;Castro Verde;Cursos Tecnológicos e Profissionais;11º ano;0.0;59.0;1346.7;-1.1323637759601095;TRUE;-0.3762147708976492;TRUE;5.291247945714728;FALSE
2020;Castro Verde;Cursos Tecnológicos e Profissionais;12º ano;0.0;59.0;1346.7;-1.1323637759601095;TRUE;-0.3762147708976492;TRUE;5.291247945714728;FALSE
2020;Lisboa;Cursos gerais;10º ano;9.2;8283.0;1346.7;-0.3650015155905696;TRUE;8.18285332532267;FALSE;3.9988993221365474;FALSE
2020;Lisboa;Cursos gerais;11º ano;4.2;8283.0;1346.7;-0.7820462223131458;TRUE;8.18285332532267;FALSE;3.9988993221365474;FALSE
2020;Lisboa;Cursos gerais;12º ano;15.5;8283.0;1346.7;0.1604748148798765;TRUE;8.18285332532267;FALSE;3.9988993221365474;FALSE
2020;Lisboa;Cursos Tecnológicos e Profissionais;10º ano;6.8;8283.0;1346.7;-0.5651829748174061;TRUE;8.18285332532267;FALSE;3.9988993221365474;FALSE
2020;Lisboa;Cursos Tecnológicos e Profissionais;11º ano;4.4;8283.0;1346.7;-0.7653644340442426;TRUE;8.18285332532267;FALSE;3.9988993221365474;FALSE
2020;Lisboa;Cursos Tecnológicos e Profissionais;12º ano;26.8;8283.0;1346.7;1.1029958520728986;TRUE;8.18285332532267;FALSE;3.9988993221365474;FALSE
2020;Oeiras;Cursos gerais;10º ano;10.4;737.0;1346.7;-0.2649107859771512;TRUE;0.3294087905368568;TRUE;4.741877758687998;FALSE
2020;Oeiras;Cursos gerais;11º ano;3.0;737.0;1346.7;-0.8821369519265639;TRUE;0.3294087905368568;TRUE;4.741877758687998;FALSE
2020;Oeiras;Cursos gerais;12º ano;15.5;737.0;1346.7;0.1604748148798765;TRUE;0.3294087905368568;TRUE;4.741877758687998;FALSE
2020;Oeiras;Cursos Tecnológicos e Profissionais;10º ano;1.2;737.0;1346.7;-1.0322730463466916;TRUE;0.3294087905368568;TRUE;4.741877758687998;FALSE
2020;Oeiras;Cursos Tecnológicos e Profissionais;11º ano;2.9;737.0;1346.7;-0.8904778460610154;TRUE;0.3294087905368568;TRUE;4.741877758687998;FALSE
2020;Oeiras;Cursos Tecnológicos e Profissionais;12º ano;21.8;737.0;1346.7;0.6859511453503225;TRUE;0.3294087905368568;TRUE;4.741877758687998;FALSE
2020;Sines;Cursos gerais;10º ano;12.9;178.0;1346.7;-0.0563884326158631;TRUE;-0.2523663876960176;TRUE;4.861188164557575;FALSE
2020;Sines;Cursos gerais;11º ano;6.6;178.0;1346.7;-0.5818647630863092;TRUE;-0.2523663876960176;TRUE;4.861188164557575;FALSE
2020;Sines;Cursos gerais;12º ano;22.2;178.0;1346.7;0.7193147218881285;TRUE;-0.2523663876960176;TRUE;4.861188164557575;FALSE
2020;Sines;Cursos Tecnológicos e Profissionais;10º ano;0.0;178.0;1346.7;-1.1323637759601095;TRUE;-0.2523663876960176;TRUE;4.861188164557575;FALSE
2020;Sines;Cursos Tecnológicos e Profissionais;11º ano;0.0;178.0;1346.7;-1.1323637759601095;TRUE;-0.2523663876960176;TRUE;4.861188164557575;FALSE
2020;Sines;Cursos Tecnológicos e Profissionais;12º ano;18.9;178.0;1346.7;0.4440652154512282;TRUE;-0.2523663876960176;TRUE;4.861188164557575;FALSE
2020;Vila do Porto;Cursos gerais;10º ano;10.8;82.0;1346.7;-0.231547209439345;TRUE;-0.352277688430107;TRUE;4.413774142546664;FALSE
2020;Vila do Porto;Cursos gerais;11º ano;2.3;82.0;1346.7;-0.9405232108677246;TRUE;-0.352277688430107;TRUE;4.413774142546664;FALSE
2020;Vila do Porto;Cursos gerais;12º ano;0.0;82.0;1346.7;-1.1323637759601095;TRUE;-0.352277688430107;TRUE;4.413774142546664;FALSE
2020;Vila do Porto;Cursos Tecnológicos e Profissionais;10º ano;11.3;82.0;1346.7;-0.1898427387670874;TRUE;-0.352277688430107;TRUE;4.413774142546664;FALSE
2020;Vila do Porto;Cursos Tecnológicos e Profissionais;11º ano;11.3;82.0;1346.7;-0.1898427387670874;TRUE;-0.352277688430107;TRUE;4.413774142546664;FALSE
2020;Vila do Porto;Cursos Tecnológicos e Profissionais;12º ano;11.3;82.0;1346.7;-0.1898427387670874;TRUE;-0.352277688430107;TRUE;4.413774142546664;FALSE
2021;Alcochete;Cursos gerais;10º ano;3.7;136.0;1346.7;-0.8237506929854034;TRUE;-0.2960775817671817;TRUE;5.646467563190058;FALSE
2021;Alcochete;Cursos gerais;11º ano;3.5;136.0;1346.7;-0.8404324812543064;TRUE;-0.2960775817671817;TRUE;5.646467563190058;FALSE
2021;Alcochete;Cursos gerais;12º ano;7.9;136.0;1346.7;-0.4734331393384393;TRUE;-0.2960775817671817;TRUE;5.646467563190058;FALSE
2021;Alcochete;Cursos Tecnológicos e Profissionais;10º ano;0.0;136.0;1346.7;-1.1323637759601095;TRUE;-0.2960775817671817;TRUE;5.646467563190058;FALSE
2021;Alcochete;Cursos Tecnológicos e Profissionais;11º ano;2.9;136.0;1346.7;-0.8904778460610154;TRUE;-0.2960775817671817;TRUE;5.646467563190058;FALSE
2021;Alcochete;Cursos Tecnológicos e Profissionais;12º ano;26.8;136.0;1346.7;1.1029958520728986;TRUE;-0.2960775817671817;TRUE;5.646467563190058;FALSE
2021;Amadora;Cursos gerais;10º ano;18.3;2562.0;1346.7;0.3940198506445192;TRUE;2.2287642472005347;TRUE;3.2640556859852943;FALSE
2021;Amadora;Cursos gerais;11º ano;6.7;2562.0;1346.7;-0.5735238689518576;TRUE;2.2287642472005347;TRUE;3.2640556859852943;FALSE
2021;Amadora;Cursos gerais;12º ano;18.5;2562.0;1346.7;0.4107016389134222;TRUE;2.2287642472005347;TRUE;3.2640556859852943;FALSE
2021;Amadora;Cursos Tecnológicos e Profissionais;10º ano;4.7;2562.0;1346.7;-0.7403417516408881;TRUE;2.2287642472005347;TRUE;3.2640556859852943;FALSE
2021;Amadora;Cursos Tecnológicos e Profissionais;11º ano;5.8;2562.0;1346.7;-0.6485919161619214;TRUE;2.2287642472005347;TRUE;3.2640556859852943;FALSE
2021;Amadora;Cursos Tecnológicos e Profissionais;12º ano;35.2;2562.0;1346.7;1.803630959366827;TRUE;2.2287642472005347;TRUE;3.2640556859852943;FALSE
2021;Castro Verde;Cursos gerais;10º ano;12.8;62.0;1346.7;-0.0647293267503146;TRUE;-0.3730925427497089;TRUE;5.821094611780982;FALSE
2021;Castro Verde;Cursos gerais;11º ano;0.0;62.0;1346.7;-1.1323637759601095;TRUE;-0.3730925427497089;TRUE;5.821094611780982;FALSE
2021;Castro Verde;Cursos gerais;12º ano;11.5;62.0;1346.7;-0.1731609504981844;TRUE;-0.3730925427497089;TRUE;5.821094611780982;FALSE
2021;Castro Verde;Cursos Tecnológicos e Profissionais;10º ano;4.5;62.0;1346.7;-0.7570235399097911;TRUE;-0.3730925427497089;TRUE;5.821094611780982;FALSE
2021;Castro Verde;Cursos Tecnológicos e Profissionais;11º ano;16.7;62.0;1346.7;0.2605655444932947;TRUE;-0.3730925427497089;TRUE;5.821094611780982;FALSE
2021;Castro Verde;Cursos Tecnológicos e Profissionais;12º ano;4.0;62.0;1346.7;-0.7987280105820488;TRUE;-0.3730925427497089;TRUE;5.821094611780982;FALSE
2021;Lisboa;Cursos gerais;10º ano;10.3;8914.0;1346.7;-0.2732516801116026;TRUE;8.839561979106113;FALSE;4.265720775263054;FALSE
2021;Lisboa;Cursos gerais;11º ano;4.1;8914.0;1346.7;-0.7903871164475973;TRUE;8.839561979106113;FALSE;4.265720775263054;FALSE
2021;Lisboa;Cursos gerais;12º ano;13.4;8914.0;1346.7;-0.0146839619436054;TRUE;8.839561979106113;FALSE;4.265720775263054;FALSE
2021;Lisboa;Cursos Tecnológicos e Profissionais;10º ano;7.4;8914.0;1346.7;-0.5151376100106969;TRUE;8.839561979106113;FALSE;4.265720775263054;FALSE
2021;Lisboa;Cursos Tecnológicos e Profissionais;11º ano;4.1;8914.0;1346.7;-0.7903871164475973;TRUE;8.839561979106113;FALSE;4.265720775263054;FALSE
2021;Lisboa;Cursos Tecnológicos e Profissionais;12º ano;24.0;8914.0;1346.7;0.869450816308256;TRUE;8.839561979106113;FALSE;4.265720775263054;FALSE
2021;Oeiras;Cursos gerais;10º ano;9.5;805.0;1346.7;-0.3399788331872149;TRUE;0.4001792952235034;TRUE;5.075404575096131;FALSE
2021;Oeiras;Cursos gerais;11º ano;3.4;805.0;1346.7;-0.8487733753887579;TRUE;0.4001792952235034;TRUE;5.075404575096131;FALSE
2021;Oeiras;Cursos gerais;12º ano;12.6;805.0;1346.7;-0.0814111150192177;TRUE;0.4001792952235034;TRUE;5.075404575096131;FALSE
2021;Oeiras;Cursos Tecnológicos e Profissionais;10º ano;1.8;805.0;1346.7;-0.9822276815399822;TRUE;0.4001792952235034;TRUE;5.075404575096131;FALSE
2021;Oeiras;Cursos Tecnológicos e Profissionais;11º ano;1.8;805.0;1346.7;-0.9822276815399822;TRUE;0.4001792952235034;TRUE;5.075404575096131;FALSE
2021;Oeiras;Cursos Tecnológicos e Profissionais;12º ano;12.9;805.0;1346.7;-0.0563884326158631;TRUE;0.4001792952235034;TRUE;5.075404575096131;FALSE
2021;Porto;Cursos gerais;10º ano;6.7;5720.0;1346.7;-0.5735238689518576;TRUE;5.515429744265681;FALSE;3.199519602810388;FALSE
2021;Porto;Cursos gerais;11º ano;2.1;5720.0;1346.7;-0.9572049991366276;TRUE;5.515429744265681;FALSE;3.199519602810388;FALSE
2021;Porto;Cursos gerais;12º ano;7.6;5720.0;1346.7;-0.4984558217417939;TRUE;5.515429744265681;FALSE;3.199519602810388;FALSE
2021;Porto;Cursos Tecnológicos e Profissionais;10º ano;6.4;5720.0;1346.7;-0.5985465513552122;TRUE;5.515429744265681;FALSE;3.199519602810388;FALSE
2021;Porto;Cursos Tecnológicos e Profissionais;11º ano;3.8;5720.0;1346.7;-0.8154097988509518;TRUE;5.515429744265681;FALSE;3.199519602810388;FALSE
2021;Porto;Cursos Tecnológicos e Profissionais;12º ano;13.2;5720.0;1346.7;-0.0313657502125086;TRUE;5.515429744265681;FALSE;3.199519602810388;FALSE
2021;Sines;Cursos gerais;10º ano;17.8;175.0;1346.7;0.3523153799722616;TRUE;-0.2554886158439579;TRUE;4.795025121302627;FALSE
2021;Sines;Cursos gerais;11º ano;1.2;175.0;1346.7;-1.0322730463466916;TRUE;-0.2554886158439579;TRUE;4.795025121302627;FALSE
2021;Sines;Cursos gerais;12º ano;7.1;175.0;1346.7;-0.5401602924140515;TRUE;-0.2554886158439579;TRUE;4.795025121302627;FALSE
2021;Sines;Cursos Tecnológicos e Profissionais;10º ano;2.5;175.0;1346.7;-0.9238414225988216;TRUE;-0.2554886158439579;TRUE;4.795025121302627;FALSE
2021;Sines;Cursos Tecnológicos e Profissionais;11º ano;2.1;175.0;1346.7;-0.9572049991366276;TRUE;-0.2554886158439579;TRUE;4.795025121302627;FALSE
2021;Sines;Cursos Tecnológicos e Profissionais;12º ano;24.0;175.0;1346.7;0.869450816308256;TRUE;-0.2554886158439579;TRUE;4.795025121302627;FALSE
2021;Vila do Porto;Cursos gerais;10º ano;0.0;64.0;1346.7;-1.1323637759601095;TRUE;-0.3710110573177487;TRUE;4.640463913698858;FALSE
2021;Vila do Porto;Cursos gerais;11º ano;0.0;64.0;1346.7;-1.1323637759601095;TRUE;-0.3710110573177487;TRUE;4.640463913698858;FALSE
2021;Vila do Porto;Cursos gerais;12º ano;9.3;64.0;1346.7;-0.3566606214561179;TRUE;-0.3710110573177487;TRUE;4.640463913698858;FALSE
2021;Vila do Porto;Cursos Tecnológicos e Profissionais;10º ano;4.0;64.0;1346.7;-0.7987280105820488;TRUE;-0.3710110573177487;TRUE;4.640463913698858;FALSE
2021;Vila do Porto;Cursos Tecnológicos e Profissionais;11º ano;10.1;64.0;1346.7;-0.2899334683805058;TRUE;-0.3710110573177487;TRUE;4.640463913698858;FALSE
2021;Vila do Porto;Cursos Tecnológicos e Profissionais;12º ano;20.0;64.0;1346.7;0.5358150509301951;TRUE;-0.3710110573177487;TRUE;4.640463913698858;FALSE
2022;Alcochete;Cursos gerais;10º ano;6.3;131.0;1346.7;-0.6068874454896637;TRUE;-0.3012812953470822;TRUE;5.999517900558667;FALSE
2022;Alcochete;Cursos gerais;11º ano;1.2;131.0;1346.7;-1.0322730463466916;TRUE;-0.3012812953470822;TRUE;5.999517900558667;FALSE
2022;Alcochete;Cursos gerais;12º ano;14.4;131.0;1346.7;0.0687249794009097;TRUE;-0.3012812953470822;TRUE;5.999517900558667;FALSE
2022;Alcochete;Cursos Tecnológicos e Profissionais;10º ano;0.0;131.0;1346.7;-1.1323637759601095;TRUE;-0.3012812953470822;TRUE;5.999517900558667;FALSE
2022;Alcochete;Cursos Tecnológicos e Profissionais;11º ano;0.0;131.0;1346.7;-1.1323637759601095;TRUE;-0.3012812953470822;TRUE;5.999517900558667;FALSE
2022;Alcochete;Cursos Tecnológicos e Profissionais;12º ano;33.8;131.0;1346.7;1.6868584414845051;TRUE;-0.3012812953470822;TRUE;5.999517900558667;FALSE
2022;Amadora;Cursos gerais;10º ano;15.3;2382.0;1346.7;0.1437930266109734;TRUE;2.041430558324117;TRUE;3.5059304178845268;FALSE
2022;Amadora;Cursos gerais;11º ano;10.6;2382.0;1346.7;-0.2482289977082482;TRUE;2.041430558324117;TRUE;3.5059304178845268;FALSE
2022;Amadora;Cursos gerais;12º ano;17.0;2382.0;1346.7;0.2855882268966493;TRUE;2.041430558324117;TRUE;3.5059304178845268;FALSE
2022;Amadora;Cursos Tecnológicos e Profissionais;10º ano;4.3;2382.0;1346.7;-0.7737053281786941;TRUE;2.041430558324117;TRUE;3.5059304178845268;FALSE
2022;Amadora;Cursos Tecnológicos e Profissionais;11º ano;5.4;2382.0;1346.7;-0.6819554926997274;TRUE;2.041430558324117;TRUE;3.5059304178845268;FALSE
2022;Amadora;Cursos Tecnológicos e Profissionais;12º ano;31.7;2382.0;1346.7;1.5116996646610232;TRUE;2.041430558324117;TRUE;3.5059304178845268;FALSE
2022;Castro Verde;Cursos gerais;10º ano;10.0;68.0;1346.7;-0.2982743625149573;TRUE;-0.3668480864538283;TRUE;6.017414461439104;FALSE
2022;Castro Verde;Cursos gerais;11º ano;5.0;68.0;1346.7;-0.7153190692375335;TRUE;-0.3668480864538283;TRUE;6.017414461439104;FALSE
2022;Castro Verde;Cursos gerais;12º ano;2.2;68.0;1346.7;-0.9488641050021762;TRUE;-0.3668480864538283;TRUE;6.017414461439104;FALSE
2022;Castro Verde;Cursos Tecnológicos e Profissionais;10º ano;0.0;68.0;1346.7;-1.1323637759601095;TRUE;-0.3668480864538283;TRUE;6.017414461439104;FALSE
2022;Castro Verde;Cursos Tecnológicos e Profissionais;11º ano;5.6;68.0;1346.7;-0.6652737044308245;TRUE;-0.3668480864538283;TRUE;6.017414461439104;FALSE
2022;Castro Verde;Cursos Tecnológicos e Profissionais;12º ano;20.0;68.0;1346.7;0.5358150509301951;TRUE;-0.3668480864538283;TRUE;6.017414461439104;FALSE
2022;Lisboa;Cursos gerais;10º ano;11.4;8940.0;1346.7;-0.1815018446326359;TRUE;8.866621289721595;FALSE;4.830818243063502;FALSE
2022;Lisboa;Cursos gerais;11º ano;4.6;8940.0;1346.7;-0.7486826457753396;TRUE;8.866621289721595;FALSE;4.830818243063502;FALSE
2022;Lisboa;Cursos gerais;12º ano;12.6;8940.0;1346.7;-0.0814111150192177;TRUE;8.866621289721595;FALSE;4.830818243063502;FALSE
2022;Lisboa;Cursos Tecnológicos e Profissionais;10º ano;8.7;8940.0;1346.7;-0.4067059862628271;TRUE;8.866621289721595;FALSE;4.830818243063502;FALSE
2022;Lisboa;Cursos Tecnológicos e Profissionais;11º ano;7.4;8940.0;1346.7;-0.5151376100106969;TRUE;8.866621289721595;FALSE;4.830818243063502;FALSE
2022;Lisboa;Cursos Tecnológicos e Profissionais;12º ano;23.8;8940.0;1346.7;0.8527690280393531;TRUE;8.866621289721595;FALSE;4.830818243063502;FALSE
2022;Matosinhos;Cursos gerais;10º ano;11.7;2129.0;1346.7;-0.1564791622292815;TRUE;1.778122651181152;TRUE;3.097021117767888;FALSE
2022;Matosinhos;Cursos gerais;11º ano;3.2;2129.0;1346.7;-0.865455163657661;TRUE;1.778122651181152;TRUE;3.097021117767888;FALSE
2022;Matosinhos;Cursos gerais;12º ano;9.4;2129.0;1346.7;-0.3483197273216664;TRUE;1.778122651181152;TRUE;3.097021117767888;FALSE
2022;Matosinhos;Cursos Tecnológicos e Profissionais;10º ano;6.6;2129.0;1346.7;-0.5818647630863092;TRUE;1.778122651181152;TRUE;3.097021117767888;FALSE
2022;Matosinhos;Cursos Tecnológicos e Profissionais;11º ano;6.3;2129.0;1346.7;-0.6068874454896637;TRUE;1.778122651181152;TRUE;3.097021117767888;FALSE
2022;Matosinhos;Cursos Tecnológicos e Profissionais;12º ano;12.4;2129.0;1346.7;-0.0980929032881207;TRUE;1.778122651181152;TRUE;3.097021117767888;FALSE
2022;Oeiras;Cursos gerais;10º ano;10.7;823.0;1346.7;-0.2398881035737967;TRUE;0.4189126641111451;TRUE;5.718596126738484;FALSE
2022;Oeiras;Cursos gerais;11º ano;3.9;823.0;1346.7;-0.8070689047165003;TRUE;0.4189126641111451;TRUE;5.718596126738484;FALSE
2022;Oeiras;Cursos gerais;12º ano;13.2;823.0;1346.7;-0.0313657502125086;TRUE;0.4189126641111451;TRUE;5.718596126738484;FALSE
2022;Oeiras;Cursos Tecnológicos e Profissionais;10º ano;2.0;823.0;1346.7;-0.9655458932710792;TRUE;0.4189126641111451;TRUE;5.718596126738484;FALSE
2022;Oeiras;Cursos Tecnológicos e Profissionais;11º ano;1.7;823.0;1346.7;-0.990568575674434;TRUE;0.4189126641111451;TRUE;5.718596126738484;FALSE
2022;Oeiras;Cursos Tecnológicos e Profissionais;12º ano;14.5;823.0;1346.7;0.0770658735353612;TRUE;0.4189126641111451;TRUE;5.718596126738484;FALSE
2022;Palmela;Cursos gerais;10º ano;11.7;380.0;1346.7;-0.1564791622292815;TRUE;-0.0421363590680379;TRUE;3.0807515169674917;FALSE
2022;Palmela;Cursos gerais;11º ano;3.3;380.0;1346.7;-0.8571142695232093;TRUE;-0.0421363590680379;TRUE;3.0807515169674917;FALSE
2022;Palmela;Cursos gerais;12º ano;9.2;380.0;1346.7;-0.3650015155905696;TRUE;-0.0421363590680379;TRUE;3.0807515169674917;FALSE
2022;Palmela;Cursos Tecnológicos e Profissionais;10º ano;7.8;380.0;1346.7;-0.4817740334728909;TRUE;-0.0421363590680379;TRUE;3.0807515169674917;FALSE
2022;Palmela;Cursos Tecnológicos e Profissionais;11º ano;7.1;380.0;1346.7;-0.5401602924140515;TRUE;-0.0421363590680379;TRUE;3.0807515169674917;FALSE
2022;Palmela;Cursos Tecnológicos e Profissionais;12º ano;18.9;380.0;1346.7;0.4440652154512282;TRUE;-0.0421363590680379;TRUE;3.0807515169674917;FALSE
2022;Porto;Cursos gerais;10º ano;9.0;5499.0;1346.7;-0.3816833038594726;TRUE;5.28542560403408;FALSE;3.597040182366748;FALSE
2022;Porto;Cursos gerais;11º ano;2.5;5499.0;1346.7;-0.9238414225988216;TRUE;5.28542560403408;FALSE;3.597040182366748;FALSE
2022;Porto;Cursos gerais;12º ano;5.8;5499.0;1346.7;-0.6485919161619214;TRUE;5.28542560403408;FALSE;3.597040182366748;FALSE
2022;Porto;Cursos Tecnológicos e Profissionais;10º ano;6.8;5499.0;1346.7;-0.5651829748174061;TRUE;5.28542560403408;FALSE;3.597040182366748;FALSE
2022;Porto;Cursos Tecnológicos e Profissionais;11º ano;5.0;5499.0;1346.7;-0.7153190692375335;TRUE;5.28542560403408;FALSE;3.597040182366748;FALSE
2022;Porto;Cursos Tecnológicos e Profissionais;12º ano;12.7;5499.0;1346.7;-0.0730702208847662;TRUE;5.28542560403408;FALSE;3.597040182366748;FALSE
2022;Sines;Cursos gerais;10º ano;14.0;180.0;1346.7;0.0353614028631036;TRUE;-0.2502849022640574;TRUE;5.2066460215526655;FALSE
2022;Sines;Cursos gerais;11º ano;2.2;180.0;1346.7;-0.9488641050021762;TRUE;-0.2502849022640574;TRUE;5.2066460215526655;FALSE
2022;Sines;Cursos gerais;12º ano;15.7;180.0;1346.7;0.1771566031487794;TRUE;-0.2502849022640574;TRUE;5.2066460215526655;FALSE
2022;Sines;Cursos Tecnológicos e Profissionais;10º ano;1.5;180.0;1346.7;-1.0072503639433368;TRUE;-0.2502849022640574;TRUE;5.2066460215526655;FALSE
2022;Sines;Cursos Tecnológicos e Profissionais;11º ano;0.0;180.0;1346.7;-1.1323637759601095;TRUE;-0.2502849022640574;TRUE;5.2066460215526655;FALSE
2022;Sines;Cursos Tecnológicos e Profissionais;12º ano;23.3;180.0;1346.7;0.8110645573670954;TRUE;-0.2502849022640574;TRUE;5.2066460215526655;FALSE
2022;Vila do Porto;Cursos gerais;10º ano;11.6;73.0;1346.7;-0.1648200563637329;TRUE;-0.3616443728739278;TRUE;5.888342295089289;FALSE
2022;Vila do Porto;Cursos gerais;11º ano;3.7;73.0;1346.7;-0.8237506929854034;TRUE;-0.3616443728739278;TRUE;5.888342295089289;FALSE
2022;Vila do Porto;Cursos gerais;12º ano;2.9;73.0;1346.7;-0.8904778460610154;TRUE;-0.3616443728739278;TRUE;5.888342295089289;FALSE
2022;Vila do Porto;Cursos Tecnológicos e Profissionais;10º ano;36.7;73.0;1346.7;1.9287443713836;TRUE;-0.3616443728739278;TRUE;5.888342295089289;FALSE
2022;Vila do Porto;Cursos Tecnológicos e Profissionais;11º ano;3.8;73.0;1346.7;-0.8154097988509518;TRUE;-0.3616443728739278;TRUE;5.888342295089289;FALSE
2022;Vila do Porto;Cursos Tecnológicos e Profissionais;12º ano;9.3;73.0;1346.7;-0.3566606214561179;TRUE;-0.3616443728739278;TRUE;5.888342295089289;FALSE
