Ano;Regiao;Alunos10CGeral;Alunos10CProfissional;Alunos11CGeral;Alunos11CProfissional;Alunos12CGeral;Alunos12CProfissional;valor_RSI;valor_GMM;Valor GMM
2012;Alcochete;0.125;0.0;0.425;0.0;0.92;1.0;0.255;1.0;1346.7
2012;Alenquer;0.575;0.091;0.216;0.0;0.38;1.0;0.521;0.516;1025.4
2012;Aljustrel;0.101;0.22;0.087;0.0;0.871;0.523;0.243;0.51;1021.7
2012;Almada;0.453;0.188;0.192;0.0;1.0;1.0;1.0;0.53;1034.9
2012;Amadora;0.784;0.324;0.655;0.0;1.0;1.0;1.0;0.899;1279.5
2012;Aveiro;0.23;0.0;0.202;0.0;0.889;0.544;1.0;0.65;1114.4
2012;Azambuja;0.498;0.0;0.021;0.0;0.812;1.0;0.388;0.657;1118.9
2012;Barreiro;0.275;0.045;0.303;0.007;1.0;1.0;1.0;0.563;1056.7
2012;Calheta [R.A.M.];0.362;1.0;0.362;0.0;1.0;0.812;0.177;0.687;1138.9
2012;Campo Maior;1.0;0.523;0.575;0.0;1.0;0.0;0.433;0.793;1209.7
2012;Cascais;0.237;0.0;0.118;0.0;0.676;0.735;1.0;0.72;1161.2
2012;Castro Verde;0.213;0.404;0.0;0.038;0.882;0.15;0.172;1.0;1346.7
2012;Coimbra;0.122;0.15;0.118;0.0;0.777;0.672;1.0;0.577;1066.0
2012;Constância;0.359;0.348;0.359;0.0;0.359;0.523;0.062;0.656;1118.3
2012;Entroncamento;0.07;0.094;0.0;0.0;0.0;1.0;0.322;0.551;1048.7
2012;Estarreja;0.317;0.0;0.0;0.0;0.679;0.61;0.651;0.587;1073.1
2012;Évora;0.202;0.282;0.164;0.0;0.794;0.481;1.0;0.508;1020.1
2012;Faro;0.261;0.091;0.213;0.0;1.0;0.965;1.0;0.566;1058.9
2012;Figueira da Foz;0.195;0.0;0.167;0.0;0.763;0.474;1.0;0.589;1073.8
2012;Funchal;0.244;0.523;0.111;0.003;0.948;1.0;1.0;0.616;1092.1
2012;Lisboa;0.275;0.153;0.181;0.0;0.794;1.0;1.0;1.0;1346.7
2012;Loures;0.526;0.164;0.279;0.0;1.0;1.0;1.0;0.685;1137.8
2012;Machico;0.47;1.0;0.251;0.0;0.882;0.739;0.413;0.521;1028.7
2012;Maia;0.164;0.282;0.017;0.0;1.0;0.467;1.0;0.722;1162.4
2012;Marinha Grande;0.052;0.0;0.077;0.0;1.0;0.843;0.711;0.7;1147.6
2012;Matosinhos;0.46;0.118;0.167;0.0;0.84;0.216;1.0;0.658;1119.6
2012;Oeiras;0.348;0.077;0.233;0.463;0.906;0.895;1.0;1.0;1346.7
2012;Oliveira de Frades;0.38;0.244;0.0;0.0;0.592;1.0;0.043;0.69;1140.8
2012;Palmela;0.233;0.0;0.031;0.0;0.962;0.47;0.978;0.909;1286.2
2012;Porto;0.129;0.254;0.108;0.0;0.544;0.774;1.0;0.928;1299.2
2012;Porto Santo;0.164;0.906;0.202;0.0;1.0;1.0;0.051;0.666;1125.4
2012;Santa Cruz;0.415;0.787;0.0;0.0;0.784;0.0;0.688;0.564;1057.4
2012;Seixal;0.307;0.028;0.23;0.0;1.0;1.0;1.0;0.738;1172.7
2012;Setúbal;0.213;0.0;0.275;0.0;1.0;1.0;1.0;0.774;1197.1
2012;Sines;0.474;0.247;0.474;0.0;1.0;0.415;0.407;1.0;1346.7
2012;Sintra;0.439;0.017;0.341;0.0;1.0;1.0;1.0;0.751;1181.8
2012;Torre de Moncorvo;0.854;0.296;0.397;0.087;1.0;0.425;0.035;0.702;1149.2
2012;Vila Franca de Xira;0.488;0.0;0.202;0.0;0.77;1.0;1.0;0.701;1148.5
2012;Vila Nova de Gaia;0.268;0.017;0.101;0.0;0.767;0.662;1.0;0.517;1026.2
2012;Vila Velha de Ródão;0.359;0.359;0.359;0.359;0.359;0.359;0.02;0.661;1121.8
2013;Alcochete;0.293;0.045;0.613;0.0;1.0;1.0;0.251;1.0;1346.7
2013;Alenquer;0.362;0.0;0.348;0.0;1.0;1.0;0.446;0.565;1058.5
2013;Aljustrel;0.0;0.0;0.0;0.0;0.983;0.0;0.242;0.536;1038.8
2013;Almada;0.338;0.0;0.31;0.0;1.0;1.0;1.0;0.521;1029.1
2013;Amadora;0.443;0.143;0.467;0.0;1.0;1.0;1.0;0.885;1270.3
2013;Aveiro;0.261;0.0;0.223;0.0;0.854;0.652;1.0;0.627;1099.3
2013;Azambuja;0.394;0.0;0.094;0.0;1.0;1.0;0.355;0.682;1135.7
2013;Barreiro;0.39;0.0;0.275;0.0;1.0;0.948;1.0;0.565;1058.2
2013;Calheta [R.A.M.];0.233;0.31;0.247;0.0;0.669;0.115;0.147;0.583;1070.3
2013;Campo Maior;0.425;0.0;0.387;0.397;1.0;1.0;0.384;0.749;1180.2
2013;Cascais;0.237;0.0;0.153;0.0;0.822;0.812;1.0;0.72;1161.1
2013;Castro Verde;0.0;0.0;0.0;0.0;0.491;0.0;0.132;1.0;1346.7
2013;Coimbra;0.063;0.098;0.108;0.0;0.78;0.624;1.0;0.6;1081.7
2013;Constância;0.314;0.314;0.314;0.0;0.314;0.0;0.047;0.678;1133.0
2013;Entroncamento;0.0;0.293;0.0;0.0;0.456;0.805;0.27;0.588;1073.3
2013;Estarreja;0.443;0.0;0.188;0.0;0.617;1.0;0.578;0.604;1084.4
2013;Évora;0.108;0.15;0.132;0.0;0.993;0.54;1.0;0.531;1035.4
2013;Faro;0.073;0.028;0.031;0.0;1.0;1.0;1.0;0.568;1060.0
2013;Figueira da Foz;0.0;0.049;0.035;0.0;0.47;0.669;1.0;0.566;1059.1
2013;Funchal;0.136;0.443;0.139;0.0;0.721;0.659;1.0;0.635;1104.7
2013;Lisboa;0.286;0.0;0.178;0.0;0.78;1.0;1.0;1.0;1346.7
2013;Loures;0.293;0.0;0.254;0.0;1.0;1.0;1.0;0.666;1125.5
2013;Machico;0.345;0.202;0.199;0.0;0.99;1.0;0.354;0.552;1049.5
2013;Maia;0.153;0.16;0.122;0.0;1.0;0.711;1.0;0.743;1176.0
2013;Marinha Grande;0.0;0.0;0.049;0.0;0.774;0.132;0.674;0.712;1155.6
2013;Matosinhos;0.512;0.0;0.254;0.0;0.794;0.394;1.0;0.671;1128.3
2013;Oeiras;0.24;0.017;0.146;0.0;1.0;1.0;1.0;1.0;1346.7
2013;Oliveira de Frades;0.0;0.0;0.0;0.202;0.784;1.0;0.027;0.581;1068.8
2013;Palmela;0.059;0.0;0.052;0.0;1.0;0.603;0.782;0.928;1299.1
2013;Porto;0.105;0.084;0.031;0.0;0.47;0.756;1.0;0.967;1324.9
2013;Porto Santo;0.233;0.0;0.063;0.0;1.0;0.812;0.044;0.795;1210.5
2013;Santa Cruz;0.105;0.132;0.07;0.0;1.0;0.812;0.558;0.584;1070.8
2013;Seixal;0.317;0.0;0.334;0.0;1.0;1.0;1.0;0.726;1164.7
2013;Setúbal;0.348;0.0;0.341;0.0;0.979;1.0;1.0;0.77;1193.9
2013;Sines;0.223;0.0;0.557;0.118;1.0;1.0;0.343;1.0;1346.7
2013;Sintra;0.53;0.0;0.244;0.0;1.0;1.0;1.0;0.762;1189.1
2013;Torre de Moncorvo;0.659;0.495;0.0;0.0;1.0;0.15;0.038;0.644;1110.6
2013;Vale de Cambra;0.272;0.0;0.0;0.0;0.742;0.474;0.114;0.5;1015.1
2013;Vila Franca de Xira;0.387;0.0;0.328;0.0;0.913;1.0;1.0;0.702;1148.8
2013;Vila Nova de Gaia;0.226;0.0;0.111;0.0;0.791;0.54;1.0;0.529;1034.5
2013;Vila Velha de Ródão;0.317;0.317;0.317;0.317;0.317;0.317;0.015;0.747;1179.2
2013;Vila Viçosa;0.345;0.275;0.226;0.0;1.0;0.0;0.15;0.502;1016.4
2014;Abrantes;0.136;0.08;0.157;0.0;0.742;0.502;0.627;0.502;1016.3
2014;Alcochete;0.314;0.0;0.105;0.0;1.0;1.0;0.25;1.0;1346.7
2014;Alenquer;0.502;0.0;0.261;0.0;0.0;1.0;0.345;0.592;1076.3
2014;Aljustrel;0.0;0.0;0.387;0.0;0.47;0.0;0.236;0.535;1038.3
2014;Almada;0.279;0.0;0.261;0.0;1.0;1.0;1.0;0.515;1025.3
2014;Amadora;0.571;0.0;0.39;0.0;1.0;1.0;1.0;0.914;1289.4
2014;Aveiro;0.15;0.0;0.045;0.0;0.784;0.575;1.0;0.662;1122.4
2014;Azambuja;0.049;0.0;0.125;0.0;1.0;1.0;0.299;0.649;1113.7
2014;Barreiro;0.275;0.0;0.24;0.0;1.0;1.0;1.0;0.599;1080.7
2014;Calheta [R.A.M.];0.439;0.115;0.0;1.0;0.707;0.0;0.142;0.688;1139.7
2014;Campo Maior;1.0;0.0;0.111;0.0;1.0;0.0;0.319;0.766;1191.5
2014;Cascais;0.206;0.0;0.08;0.0;0.735;0.666;1.0;0.714;1157.2
2014;Castro Verde;0.697;0.0;0.0;0.0;0.467;0.105;0.099;1.0;1346.7
2014;Coimbra;0.202;0.0;0.021;0.0;0.704;0.735;1.0;0.557;1052.7
2014;Constância;0.268;0.268;0.268;0.268;0.268;0.0;0.029;0.695;1144.6
2014;Entroncamento;0.422;0.0;0.0;0.0;0.551;0.554;0.231;0.619;1093.8
2014;Estarreja;0.47;0.0;0.0;0.0;0.857;1.0;0.536;0.544;1044.1
2014;Évora;0.042;0.0;0.0;0.0;0.202;0.533;1.0;0.535;1038.6
2014;Faro;0.226;0.08;0.0;0.0;0.962;1.0;1.0;0.581;1068.7
2014;Figueira da Foz;0.063;0.0;0.056;0.0;0.578;0.307;0.99;0.576;1065.7
2014;Funchal;0.094;0.596;0.15;0.0;0.638;0.739;1.0;0.615;1091.5
2014;Lisboa;0.279;0.0;0.181;0.0;0.801;1.0;1.0;1.0;1346.7
2014;Loures;0.275;0.0;0.331;0.0;1.0;1.0;1.0;0.671;1128.3
2014;Machico;0.394;0.07;0.101;0.0;1.0;1.0;0.309;0.56;1055.1
2014;Maia;0.244;0.028;0.118;0.0;0.791;0.885;1.0;0.739;1173.6
2014;Marinha Grande;0.0;0.0;0.0;0.0;0.801;0.331;0.631;0.747;1178.7
2014;Matosinhos;0.544;0.0;0.178;0.0;1.0;0.425;1.0;0.664;1123.9
2014;Oeiras;0.275;0.0;0.059;0.0;0.92;0.645;1.0;1.0;1346.7
2014;Oliveira de Frades;0.052;0.0;0.0;0.066;0.453;1.0;0.024;0.564;1057.4
2014;Palmela;0.307;0.0;0.014;0.0;0.951;0.432;0.612;0.973;1328.7
2014;Porto;0.07;0.0;0.0;0.0;0.443;0.578;1.0;0.94;1307.2
2014;Porto Santo;0.195;0.265;0.348;0.0;0.812;1.0;0.06;0.667;1125.6
2014;Santa Cruz;0.087;0.0;0.0;0.0;0.871;0.812;0.362;0.574;1064.1
2014;Seixal;0.369;0.0;0.153;0.0;1.0;1.0;1.0;0.686;1138.5
2014;Setúbal;0.289;0.0;0.098;0.0;1.0;0.843;1.0;0.774;1196.5
2014;Sines;0.523;0.035;0.348;0.0;1.0;1.0;0.311;1.0;1346.7
2014;Sintra;0.484;0.0;0.22;0.0;1.0;1.0;1.0;0.761;1187.9
2014;Vale de Cambra;0.056;0.0;0.0;0.0;0.338;0.38;0.098;0.525;1031.7
2014;Vila Franca de Xira;0.394;0.0;0.167;0.0;0.61;1.0;1.0;0.648;1113.1
2014;Vila Nova de Gaia;0.22;0.0;0.073;0.0;0.969;0.561;1.0;0.552;1049.8
2014;Vila Velha de Ródão;0.272;0.272;0.272;0.272;0.272;0.272;0.155;0.691;1141.5
2015;Alcochete;0.0;0.0;0.0;0.0;1.0;1.0;0.203;1.0;1346.7
2015;Alenquer;0.331;0.0;0.213;0.0;0.571;0.756;0.25;0.587;1072.8
2015;Aljustrel;0.0;0.017;0.275;0.0;0.812;0.0;0.195;0.604;1084.4
2015;Almada;0.247;0.0;0.157;0.0;0.847;1.0;1.0;0.556;1052.0
2015;Amadora;0.422;0.052;0.233;0.0;1.0;1.0;1.0;0.905;1283.6
2015;Aveiro;0.073;0.0;0.017;0.0;0.53;0.355;0.963;0.664;1124.1
2015;Azambuja;0.697;0.0;0.0;0.0;0.923;0.753;0.243;0.66;1121.1
2015;Barreiro;0.254;0.0;0.035;0.0;0.829;1.0;1.0;0.597;1079.7
2015;Benavente;0.157;0.0;0.16;0.0;1.0;0.22;0.488;0.515;1025.1
2015;Calheta [R.A.M.];0.0;0.125;0.017;0.0;0.54;0.226;0.127;0.706;1151.5
2015;Campo Maior;0.659;0.0;0.0;0.0;0.739;0.038;0.241;0.757;1185.3
2015;Cascais;0.254;0.0;0.052;0.0;0.686;1.0;1.0;0.706;1151.9
2015;Castro Verde;0.181;0.0;0.063;0.0;1.0;0.0;0.079;1.0;1346.7
2015;Coimbra;0.028;0.0;0.0;0.0;0.516;0.857;1.0;0.558;1053.6
2015;Constância;0.0;0.0;0.223;0.223;0.223;0.223;0.042;0.691;1141.6
2015;Entroncamento;0.0;0.0;0.0;0.0;0.324;0.916;0.247;0.616;1091.7
2015;Estarreja;0.188;0.0;0.0;0.0;0.84;1.0;0.532;0.599;1080.8
2015;Évora;0.07;0.0;0.0;0.0;0.791;0.519;0.989;0.533;1037.3
2015;Faro;0.233;0.0;0.091;0.0;0.986;0.794;1.0;0.602;1083.0
2015;Figueira da Foz;0.118;0.073;0.0;0.0;0.474;0.596;0.812;0.595;1078.3
2015;Funchal;0.101;0.321;0.007;0.0;0.575;0.519;1.0;0.617;1092.8
2015;Lisboa;0.24;0.0;0.105;0.0;0.666;0.955;1.0;1.0;1346.7
2015;Loures;0.359;0.0;0.139;0.0;0.871;0.955;1.0;0.686;1138.5
2015;Machico;0.059;0.0;0.0;0.0;0.523;0.812;0.264;0.559;1053.9
2015;Maia;0.251;0.003;0.0;0.0;0.749;1.0;1.0;0.748;1179.8
2015;Marinha Grande;0.0;0.0;0.0;0.0;0.498;0.296;0.516;0.809;1220.0
2015;Matosinhos;0.314;0.024;0.143;0.0;0.77;0.484;1.0;0.692;1142.7
2015;Oeiras;0.178;0.0;0.122;0.0;0.812;0.798;1.0;1.0;1346.7
2015;Oliveira de Frades;0.0;0.0;0.0;0.139;0.61;0.592;0.01;0.508;1020.4
2015;Palmela;0.314;0.0;0.028;0.0;0.693;0.289;0.531;0.993;1342.2
2015;Ponta Delgada;0.467;0.902;0.167;0.0;0.868;0.554;1.0;0.602;1082.8
2015;Porto;0.014;0.031;0.0;0.0;0.307;0.585;1.0;0.957;1318.3
2015;Porto Santo;0.293;0.958;0.0;0.0;1.0;0.895;0.032;0.616;1091.9
2015;Santa Cruz;0.007;0.568;0.0;0.0;0.784;0.0;0.421;0.56;1055.1
2015;Seixal;0.174;0.0;0.042;0.0;0.916;1.0;1.0;0.676;1131.6
2015;Setúbal;0.237;0.0;0.038;0.0;1.0;0.519;1.0;0.737;1172.0
2015;Sines;0.895;0.0;0.244;0.0;1.0;1.0;0.288;1.0;1346.7
2015;Sintra;0.47;0.0;0.153;0.0;0.958;1.0;1.0;0.72;1160.7
2015;Vale de Cambra;0.0;0.0;0.0;0.049;0.843;0.474;0.082;0.535;1038.0
2015;Vila do Porto;0.0;0.0;0.077;0.0;0.564;0.0;0.209;1.0;1346.7
2015;Vila Franca de Xira;0.279;0.0;0.22;0.0;1.0;0.962;1.0;0.668;1126.7
2015;Vila Nova de Gaia;0.157;0.0;0.003;0.0;0.69;0.254;1.0;0.553;1050.2
2015;Vila Velha de Ródão;0.22;0.22;0.22;0.22;0.22;0.22;0.02;0.647;1112.7
2016;Albergaria-a-Velha;0.049;0.0;0.0;0.0;0.648;0.216;0.264;0.51;1021.9
2016;Alcochete;0.296;0.0;0.0;0.0;1.0;1.0;0.18;1.0;1346.7
2016;Alenquer;0.456;0.0;0.091;0.0;0.645;0.115;0.215;0.655;1117.6
2016;Aljustrel;0.638;0.0;0.0;0.0;0.634;0.0;0.214;0.589;1073.9
2016;Almada;0.334;0.0;0.031;0.0;0.958;1.0;1.0;0.606;1085.7
2016;Amadora;0.429;0.0;0.125;0.0;1.0;0.861;1.0;0.966;1324.0
2016;Aveiro;0.059;0.0;0.0;0.0;0.526;0.181;0.943;0.665;1124.8
2016;Azambuja;0.136;0.0;0.094;0.0;0.99;0.725;0.237;0.601;1081.8
2016;Barreiro;0.24;0.0;0.021;0.0;1.0;0.829;1.0;0.611;1088.8
2016;Benavente;0.348;0.0;0.066;0.0;0.871;0.92;0.503;0.548;1047.1
2016;Calheta [R.A.M.];0.0;0.265;0.0;0.233;0.659;0.0;0.137;0.704;1150.6
2016;Campo Maior;0.505;0.0;0.0;0.0;0.882;0.0;0.224;0.802;1215.4
2016;Cascais;0.188;0.0;0.0;0.0;0.697;0.787;1.0;0.719;1160.3
2016;Castro Verde;0.244;0.0;0.125;0.0;0.718;0.0;0.072;1.0;1346.7
2016;Coimbra;0.049;0.0;0.0;0.0;0.439;0.666;1.0;0.586;1072.3
2016;Constância;0.0;0.0;0.0;0.0;0.185;0.185;0.044;0.814;1223.6
2016;Entroncamento;0.049;0.0;0.0;0.0;0.805;0.359;0.194;0.618;1093.6
2016;Estarreja;0.317;0.46;0.188;0.0;0.01;0.993;0.479;0.62;1094.4
2016;Évora;0.171;0.0;0.0;0.0;0.753;0.174;0.919;0.541;1042.6
2016;Faro;0.188;0.0;0.024;0.0;1.0;0.899;0.975;0.613;1089.8
2016;Figueira da Foz;0.021;0.15;0.0;0.0;0.484;0.463;0.791;0.654;1117.3
2016;Funchal;0.111;0.247;0.017;0.0;0.7;0.512;1.0;0.624;1097.4
2016;Horta;0.951;0.181;0.265;0.0;0.46;0.0;0.219;0.541;1042.3
2016;Leiria;0.31;0.0;0.0;0.0;0.739;0.418;0.665;0.517;1026.3
2016;Lisboa;0.286;0.0;0.042;0.0;0.676;0.728;1.0;1.0;1346.7
2016;Loures;0.443;0.0;0.024;0.0;0.962;0.864;1.0;0.702;1148.8
2016;Machico;0.289;0.314;0.0;0.0;0.561;0.537;0.236;0.549;1047.4
2016;Maia;0.355;0.077;0.0;0.0;0.676;0.763;1.0;0.692;1142.7
2016;Marinha Grande;0.0;0.0;0.0;0.0;0.491;0.77;0.44;0.795;1210.5
2016;Matosinhos;0.24;0.0;0.0;0.0;0.833;0.244;1.0;0.766;1191.6
2016;Oeiras;0.282;0.0;0.0;0.0;0.69;0.85;0.882;1.0;1346.7
2016;Oliveira de Azeméis;0.0;0.0;0.0;0.0;0.735;0.704;0.371;0.507;1019.6
2016;Palmela;0.289;0.22;0.0;0.0;0.686;0.0;0.464;1.0;1346.7
2016;Ponta Delgada;0.282;0.693;0.098;0.07;0.697;0.742;1.0;0.661;1121.9
2016;Porto;0.073;0.0;0.0;0.0;0.369;0.352;1.0;0.958;1318.7
2016;Porto Santo;0.105;0.174;0.0;0.523;1.0;1.0;0.019;0.592;1076.0
2016;Santa Cruz;0.087;0.0;0.125;0.0;0.62;0.0;0.402;0.554;1050.7
2016;Seixal;0.341;0.0;0.031;0.0;1.0;1.0;1.0;0.68;1134.3
2016;Setúbal;0.178;0.0;0.0;0.0;1.0;0.662;1.0;0.739;1173.7
2016;Sines;0.024;0.0;0.105;0.0;1.0;0.763;0.255;1.0;1346.7
2016;Sintra;0.551;0.0;0.105;0.0;0.965;1.0;1.0;0.728;1166.6
2016;Vale de Cambra;0.0;0.0;0.0;0.0;0.446;0.638;0.09;0.557;1052.8
2016;Vila do Conde;0.23;0.0;0.063;0.0;0.997;0.721;0.602;0.52;1028.3
2016;Vila do Porto;0.833;0.348;0.314;0.0;0.247;0.0;0.169;1.0;1346.7
2016;Vila Franca de Xira;0.429;0.0;0.0;0.0;1.0;1.0;1.0;0.719;1160.3
2016;Vila Nova de Gaia;0.279;0.0;0.0;0.0;0.641;0.206;1.0;0.567;1059.6
2016;Vila Velha de Ródão;0.174;0.174;0.174;0.174;0.174;0.174;0.018;0.6;1081.1
2017;Abrantes;0.01;0.146;0.0;0.0;0.672;0.404;0.634;0.55;1048.2
2017;Albergaria-a-Velha;0.125;0.0;0.0;0.0;0.603;0.118;0.228;0.546;1045.6
2017;Alcanena;0.136;0.0;0.0;0.0;0.557;0.488;0.056;0.527;1033.2
2017;Alcochete;0.209;0.0;0.178;0.0;0.746;1.0;0.188;1.0;1346.7
2017;Alenquer;0.408;0.0;0.003;0.0;0.76;0.571;0.302;0.662;1122.6
2017;Aljustrel;0.418;0.0;0.049;0.188;0.0;0.0;0.221;0.661;1121.7
2017;Almada;0.383;0.0;0.073;0.0;0.909;1.0;1.0;0.624;1097.4
2017;Amadora;0.571;0.0;0.143;0.0;1.0;0.979;1.0;1.0;1346.7
2017;Aveiro;0.157;0.0;0.0;0.0;0.53;0.084;0.859;0.709;1153.8
2017;Barreiro;0.181;0.0;0.017;0.0;0.934;0.78;1.0;0.589;1074.2
2017;Beja;0.275;0.0;0.066;0.0;0.537;0.505;1.0;0.534;1037.6
2017;Benavente;0.195;0.0;0.0;0.0;1.0;0.0;0.504;0.559;1054.0
2017;Braga;0.087;0.0;0.0;0.0;0.484;0.348;1.0;0.536;1038.7
2017;Calheta [R.A.M.];0.439;0.348;0.0;0.0;0.895;0.373;0.129;0.688;1139.6
2017;Campo Maior;0.408;0.0;0.0;0.0;0.61;0.07;0.24;0.793;1209.2
2017;Cascais;0.223;0.0;0.0;0.0;0.578;0.941;1.0;0.713;1156.1
2017;Castro Verde;0.491;0.0;0.0;0.0;0.92;0.0;0.075;1.0;1346.7
2017;Coimbra;0.063;0.0;0.0;0.0;0.683;0.721;1.0;0.626;1098.8
2017;Constância;0.439;0.0;0.0;0.0;0.76;0.753;0.048;0.789;1207.0
2017;Entroncamento;0.202;0.0;0.0;0.0;0.641;0.328;0.231;0.614;1090.9
2017;Estarreja;0.449;0.174;0.0;0.0;0.551;1.0;0.469;0.636;1105.0
2017;Évora;0.275;0.0;0.0;0.0;0.819;0.178;0.933;0.595;1078.1
2017;Faro;0.164;0.0;0.0;0.0;0.718;0.84;0.971;0.647;1112.9
2017;Figueira da Foz;0.0;0.0;0.0;0.0;0.286;0.603;0.707;0.671;1128.8
2017;Funchal;0.073;0.167;0.045;0.0;0.564;0.596;1.0;0.647;1112.8
2017;Horta;1.0;0.0;0.495;0.0;0.115;0.0;0.203;0.568;1060.2
2017;Ílhavo;0.348;0.0;0.0;0.0;0.686;1.0;0.478;0.553;1050.0
2017;Leiria;0.129;0.0;0.0;0.0;0.582;0.348;0.688;0.553;1050.1
2017;Lisboa;0.341;0.0;0.077;0.0;0.561;0.794;1.0;1.0;1346.7
2017;Loures;0.429;0.0;0.028;0.0;0.666;0.749;1.0;0.718;1159.9
2017;Machico;0.0;0.972;0.0;0.0;0.592;0.258;0.223;0.613;1089.9
2017;Maia;0.373;0.094;0.0;0.0;0.352;0.24;1.0;0.704;1150.3
2017;Mangualde;0.028;0.0;0.0;0.0;0.927;1.0;0.252;0.542;1043.1
2017;Marinha Grande;0.0;0.0;0.0;0.0;0.516;0.408;0.402;0.853;1248.9
2017;Matosinhos;0.282;0.0;0.0;0.0;0.662;0.157;1.0;0.811;1221.1
2017;Oeiras;0.289;0.0;0.0;0.0;0.624;0.941;0.971;1.0;1346.7
2017;Oliveira de Azeméis;0.0;0.0;0.0;0.0;0.505;0.15;0.338;0.55;1048.3
2017;Oliveira de Frades;0.568;0.0;0.0;0.0;0.296;0.864;0.005;0.514;1024.1
2017;Palmela;0.23;0.0;0.0;0.0;0.707;0.0;0.422;1.0;1346.7
2017;Ponta Delgada;0.453;0.328;0.0;0.0;0.139;0.481;1.0;0.714;1157.2
2017;Porto;0.038;0.0;0.0;0.0;0.199;0.38;1.0;0.985;1336.9
2017;Porto Santo;0.0;0.523;0.0;0.129;0.477;1.0;0.01;0.608;1087.0
2017;Ribeira de Pena;0.523;0.0;0.0;0.0;0.746;0.0;0.061;0.953;1315.3
2017;Santa Cruz;0.0;0.195;0.028;0.0;0.836;0.0;0.418;0.585;1071.7
2017;Santa Cruz das Flores;0.547;0.125;0.0;0.125;0.233;0.125;0.038;0.543;1043.7
2017;Santarém;0.324;0.0;0.014;0.0;0.54;0.293;0.759;0.514;1024.3
2017;São João da Madeira;0.0;0.0;0.0;0.0;0.209;0.328;0.179;0.506;1019.1
2017;Seixal;0.282;0.0;0.118;0.0;1.0;1.0;1.0;0.778;1199.3
2017;Setúbal;0.216;0.0;0.0;0.0;0.784;0.641;1.0;0.756;1185.1
2017;Sines;0.551;0.0;0.031;0.0;0.913;0.334;0.226;1.0;1346.7
2017;Sintra;0.47;0.0;0.139;0.0;0.976;1.0;1.0;0.75;1180.9
2017;Torres Novas;0.331;0.0;0.0;0.0;0.774;0.237;0.214;0.533;1037.3
2017;Trofa;0.0;0.0;0.0;0.0;0.216;0.0;0.385;0.502;1016.4
2017;Vale de Cambra;0.08;0.0;0.0;0.0;0.164;0.171;0.082;0.59;1075.1
2017;Viana do Castelo;0.122;0.0;0.0;0.0;0.209;0.084;0.677;0.523;1030.6
2017;Vila do Conde;0.181;0.0;0.0;0.0;0.934;0.551;0.615;0.548;1046.9
2017;Vila do Porto;0.16;0.321;0.174;0.0;0.958;0.0;0.155;1.0;1346.7
2017;Vila Franca de Xira;0.449;0.0;0.084;0.0;1.0;1.0;1.0;0.764;1190.4
2017;Vila Nova de Cerveira;0.46;0.0;0.0;0.0;0.362;0.0;0.019;0.542;1042.7
2017;Vila Nova de Famalicão;0.0;0.0;0.0;0.0;0.495;0.352;0.883;0.505;1018.2
2017;Vila Nova de Gaia;0.282;0.0;0.007;0.0;0.575;0.286;1.0;0.609;1087.2
2017;Vila Velha de Ródão;0.129;0.129;0.129;0.129;0.129;0.129;0.019;0.648;1113.0
2018;Abrantes;0.021;0.01;0.017;0.0;0.533;0.415;0.564;0.605;1084.8
2018;Águeda;0.275;0.0;0.0;0.0;0.456;0.129;0.349;0.525;1031.6
2018;Albergaria-a-Velha;0.164;0.0;0.042;0.0;0.794;0.0;0.209;0.598;1079.8
2018;Alcanena;0.0;0.0;0.0;0.0;0.523;0.0;0.032;0.572;1063.1
2018;Alcochete;0.101;0.0;0.0;0.0;0.69;0.833;0.18;1.0;1346.7
2018;Alenquer;0.453;0.0;0.171;0.0;0.847;0.564;0.337;0.676;1131.8
2018;Aljustrel;0.028;0.0;0.0;0.0;0.676;0.0;0.208;0.706;1152.0
2018;Almada;0.195;0.0;0.073;0.0;0.847;0.979;1.0;0.655;1117.6
2018;Alvito;0.077;0.0;0.077;0.0;0.077;0.174;0.043;0.503;1016.8
2018;Amadora;0.516;0.0;0.307;0.0;1.0;0.92;1.0;1.0;1346.7
2018;Arruda dos Vinhos;0.0;0.0;0.0;0.0;0.429;0.7;0.068;0.598;1080.2
2018;Aveiro;0.077;0.0;0.0;0.0;0.453;0.275;0.76;0.774;1196.5
2018;Azambuja;0.355;0.0;0.017;0.0;0.296;0.0;0.24;0.506;1018.9
2018;Barreiro;0.101;0.0;0.01;0.0;0.822;0.578;1.0;0.643;1110.2
2018;Beja;0.122;0.0;0.0;0.0;0.348;0.537;1.0;0.567;1059.6
2018;Benavente;0.244;0.059;0.0;0.0;1.0;0.408;0.516;0.643;1109.8
2018;Braga;0.021;0.0;0.0;0.0;0.39;0.366;1.0;0.593;1076.6
2018;Calheta [R.A.M.];0.46;0.443;0.031;0.0;0.54;0.812;0.125;0.691;1141.9
2018;Campo Maior;0.321;0.348;0.0;0.0;0.502;0.0;0.232;0.832;1235.3
2018;Cantanhede;0.206;0.0;0.0;0.0;0.446;0.0;0.186;0.555;1051.3
2018;Cascais;0.209;0.0;0.0;0.0;0.634;0.955;1.0;0.754;1183.6
2018;Castro Verde;0.314;0.0;0.0;0.0;0.049;0.0;0.068;1.0;1346.7
2018;Coimbra;0.0;0.0;0.0;0.0;0.373;0.404;1.0;0.68;1134.4
2018;Constância;0.0;0.094;0.0;0.0;0.0;0.0;0.041;0.839;1239.6
2018;Corvo;0.348;0.111;0.111;0.111;0.348;0.111;0.155;1.0;1346.7
2018;Entroncamento;0.042;0.0;0.0;0.024;0.362;0.582;0.284;0.675;1131.0
2018;Estarreja;0.0;0.0;0.0;0.0;0.373;0.254;0.479;0.815;1224.3
2018;Évora;0.122;0.0;0.0;0.0;0.596;0.355;0.819;0.626;1098.8
2018;Faro;0.122;0.0;0.0;0.0;0.693;0.829;0.797;0.685;1138.1
2018;Figueira da Foz;0.0;0.0;0.0;0.0;0.359;0.582;0.702;0.735;1170.9
2018;Funchal;0.118;0.125;0.031;0.0;0.627;0.638;1.0;0.682;1136.0
2018;Guarda;0.024;0.0;0.0;0.0;0.397;0.0;0.692;0.56;1054.8
2018;Horta;0.638;0.0;0.432;0.0;1.0;0.0;0.214;0.613;1090.1
2018;Ílhavo;0.167;0.0;0.0;0.0;0.725;0.875;0.45;0.62;1094.6
2018;Leiria;0.188;0.0;0.0;0.0;0.488;0.272;0.701;0.616;1092.0
2018;Lisboa;0.195;0.0;0.024;0.0;0.498;0.676;1.0;1.0;1346.7
2018;Loulé;0.122;0.0;0.0;0.0;0.7;0.331;0.54;0.521;1029.2
2018;Loures;0.303;0.0;0.007;0.0;0.756;1.0;1.0;0.755;1184.3
2018;Machico;0.0;0.289;0.0;0.01;0.61;0.491;0.269;0.538;1040.0
2018;Maia;0.348;0.0;0.0;0.031;0.401;0.596;1.0;0.795;1210.9
2018;Mangualde;0.146;0.0;0.0;0.0;0.331;0.523;0.25;0.626;1098.4
2018;Marinha Grande;0.0;0.0;0.0;0.0;0.582;0.101;0.362;0.935;1303.6
2018;Matosinhos;0.251;0.0;0.0;0.0;0.669;0.206;1.0;0.906;1284.6
2018;Mealhada;0.0;0.0;0.0;0.0;0.523;0.247;0.039;0.592;1076.1
2018;Nelas;0.0;0.0;0.0;0.0;0.254;0.247;0.139;0.531;1035.6
2018;Oeiras;0.206;0.0;0.0;0.0;0.641;0.554;0.935;1.0;1346.7
2018;Oliveira de Azeméis;0.0;0.0;0.0;0.0;0.251;0.157;0.297;0.624;1097.2
2018;Oliveira de Frades;0.0;0.0;0.0;0.056;0.171;0.073;0.018;0.658;1119.8
2018;Ovar;0.003;0.0;0.0;0.0;0.467;0.672;0.686;0.526;1032.4
2018;Palmela;0.261;0.0;0.0;0.0;0.61;0.317;0.397;0.989;1339.3
2018;Ponta Delgada;0.582;0.561;0.007;0.0;0.714;0.31;1.0;0.699;1147.4
2018;Porto;0.0;0.0;0.0;0.0;0.209;0.369;1.0;1.0;1346.7
2018;Porto de Mós;0.289;0.0;0.0;0.0;0.3;0.01;0.124;0.56;1055.1
2018;Porto Santo;0.3;0.0;0.0;0.0;1.0;0.087;0.001;0.693;1142.9
2018;Ribeira de Pena;0.0;0.0;0.125;0.0;0.202;0.0;0.057;0.755;1184.2
2018;Santa Cruz;0.0;0.697;0.0;0.0;0.979;0.0;0.449;0.604;1084.3
2018;Santa Cruz das Flores;0.321;0.084;0.0;0.084;0.0;0.084;0.016;0.601;1082.3
2018;Santa Maria da Feira;0.0;0.0;0.0;0.0;0.369;0.293;1.0;0.547;1046.1
2018;Santarém;0.167;0.0;0.0;0.0;0.415;0.24;0.74;0.54;1041.6
2018;Santiago do Cacém;0.317;0.0;0.0;0.0;0.557;0.697;0.131;0.512;1023.2
2018;São João da Madeira;0.0;0.0;0.0;0.0;0.321;0.279;0.17;0.564;1057.5
2018;São Roque do Pico;0.348;0.115;0.0;0.0;0.739;1.0;0.048;0.51;1022.0
2018;Seixal;0.261;0.0;0.0;0.0;0.923;0.85;1.0;0.854;1250.2
2018;Setúbal;0.073;0.0;0.0;0.0;0.69;0.509;1.0;0.75;1181.2
2018;Sines;0.554;0.0;0.174;0.0;0.324;0.638;0.217;1.0;1346.7
2018;Sintra;0.408;0.0;0.132;0.0;0.902;1.0;1.0;0.755;1183.9
2018;Tondela;0.167;0.0;0.0;0.0;0.282;0.0;0.103;0.572;1062.6
2018;Torres Novas;0.484;0.0;0.0;0.0;0.453;0.146;0.195;0.55;1048.4
2018;Trofa;0.035;0.0;0.0;0.0;0.111;0.0;0.378;0.575;1064.8
2018;Vale de Cambra;0.0;0.0;0.0;0.0;0.634;0.181;0.053;0.64;1107.9
2018;Valongo;0.056;0.0;0.0;0.0;0.599;0.436;1.0;0.536;1039.1
2018;Viana do Castelo;0.0;0.0;0.0;0.0;0.265;0.042;0.645;0.584;1070.7
2018;Vila da Praia da Vitória;0.052;0.0;0.0;0.0;0.453;0.185;0.866;0.548;1047.1
2018;Vila do Conde;0.077;0.0;0.042;0.0;0.683;0.303;0.597;0.632;1102.4
2018;Vila do Porto;0.408;0.0;0.0;0.0;0.275;0.303;0.134;1.0;1346.7
2018;Vila Franca de Xira;0.307;0.0;0.049;0.0;0.909;1.0;1.0;0.804;1216.4
2018;Vila Nova de Cerveira;0.233;0.017;0.0;0.0;0.359;0.0;0.014;0.578;1066.6
2018;Vila Nova de Famalicão;0.0;0.0;0.0;0.0;0.463;0.111;0.795;0.533;1036.8
2018;Vila Nova de Gaia;0.094;0.0;0.0;0.0;0.571;0.192;1.0;0.677;1132.7
2018;Vila Real;0.021;0.0;0.0;0.0;0.429;0.258;0.689;0.534;1037.5
2018;Vila Velha de Ródão;0.094;0.094;0.094;0.094;0.094;0.094;0.02;0.821;1227.9
2018;Vila Viçosa;0.0;0.0;0.0;0.0;0.812;0.0;0.122;0.539;1041.2
2019;Abrantes;0.244;0.0;0.0;0.0;0.599;0.077;0.508;0.642;1109.4
2019;Águeda;0.185;0.0;0.0;0.0;0.328;0.0;0.338;0.585;1071.4
2019;Albergaria-a-Velha;0.0;0.0;0.0;0.0;0.226;0.0;0.217;0.668;1126.7
2019;Alcanena;0.038;0.0;0.0;0.0;0.641;0.0;0.038;0.622;1096.0
2019;Alcochete;0.216;0.0;0.0;0.0;0.746;0.157;0.179;1.0;1346.7
2019;Alenquer;0.523;0.052;0.286;0.0;0.895;0.718;0.303;0.752;1182.2
2019;Aljustrel;0.056;0.0;0.0;0.0;0.049;0.0;0.223;0.755;1184.3
2019;Almada;0.247;0.0;0.0;0.0;0.648;1.0;1.0;0.72;1160.8
2019;Amadora;0.519;0.0;0.275;0.0;0.934;1.0;1.0;1.0;1346.7
2019;Anadia;0.08;0.0;0.0;0.0;0.125;0.0;0.07;0.503;1017.4
2019;Angra do Heroísmo;0.564;0.61;0.042;0.094;0.453;0.568;1.0;0.557;1052.8
2019;Arruda dos Vinhos;0.0;0.01;0.0;0.15;0.467;0.878;0.075;0.622;1096.2
2019;Aveiro;0.0;0.0;0.0;0.0;0.432;0.432;0.696;0.844;1243.3
2019;Azambuja;0.3;0.0;0.038;0.16;0.226;0.174;0.237;0.539;1040.9
2019;Barreiro;0.146;0.0;0.0;0.0;0.422;0.561;1.0;0.64;1107.8
2019;Batalha;0.188;0.0;0.003;0.0;0.049;0.0;0.029;0.622;1095.8
2019;Beja;0.324;0.0;0.07;0.0;0.477;0.822;1.0;0.631;1102.3
2019;Benavente;0.077;0.0;0.373;0.0;0.599;0.132;0.459;0.619;1093.8
2019;Braga;0.042;0.0;0.0;0.0;0.456;0.355;1.0;0.697;1145.8
2019;Bragança;0.164;0.0;0.017;0.0;0.498;0.666;0.264;0.507;1019.6
2019;Calheta [R.A.M.];0.15;0.0;0.0;0.01;0.61;0.0;0.139;0.71;1154.4
2019;Campo Maior;0.209;0.603;0.261;0.0;0.0;0.0;0.238;0.902;1282.0
2019;Cantanhede;0.017;0.0;0.0;0.0;0.098;0.0;0.156;0.603;1083.3
2019;Cartaxo;0.432;0.791;0.0;0.188;0.073;0.882;0.105;0.521;1028.7
2019;Cascais;0.22;0.0;0.0;0.0;0.575;0.847;1.0;0.802;1215.5
2019;Castro Verde;0.0;0.0;0.0;0.0;0.603;0.0;0.066;1.0;1346.7
2019;Coimbra;0.0;0.0;0.0;0.0;0.282;0.293;1.0;0.752;1182.4
2019;Constância;0.0;0.087;0.0;0.052;0.0;0.676;0.035;0.873;1262.8
2019;Corvo;0.0;0.038;0.0;0.038;0.038;0.038;0.155;0.612;1089.1
2019;Entroncamento;0.049;0.059;0.0;0.0;0.467;0.606;0.292;0.705;1151.0
2019;Estarreja;0.108;0.0;0.0;0.0;0.422;0.627;0.489;0.87;1260.3
2019;Évora;0.091;0.0;0.0;0.0;0.362;0.167;0.658;0.661;1122.0
2019;Faro;0.035;0.0;0.0;0.0;0.46;0.742;0.864;0.734;1170.3
2019;Figueira da Foz;0.0;0.0;0.0;0.0;0.296;0.073;0.648;0.771;1194.7
2019;Funchal;0.118;0.136;0.0;0.0;0.509;0.613;1.0;0.736;1171.5
2019;Gondomar;0.0;0.0;0.0;0.0;0.265;0.094;1.0;0.502;1016.6
2019;Guarda;0.0;0.0;0.0;0.0;0.16;0.0;0.594;0.629;1100.5
2019;Horta;0.613;0.0;0.286;0.0;0.707;0.139;0.19;0.667;1125.8
2019;Ílhavo;0.247;0.0;0.0;0.0;0.523;1.0;0.436;0.702;1148.9
2019;Lagoa;0.387;0.052;0.045;0.0;0.24;0.718;0.257;0.522;1029.4
2019;Lajes das Flores;0.035;0.035;0.035;0.035;0.035;0.035;0.155;0.521;1029.0
2019;Leiria;0.052;0.0;0.0;0.0;0.463;0.098;0.607;0.667;1125.7
2019;Lisboa;0.136;0.0;0.0;0.0;0.439;0.669;1.0;1.0;1346.7
2019;Loulé;0.171;0.07;0.0;0.0;0.672;0.537;0.53;0.552;1049.6
2019;Loures;0.432;0.0;0.091;0.0;0.676;0.753;1.0;0.807;1218.6
2019;Machico;0.0;0.641;0.0;0.0;0.401;0.181;0.226;0.574;1063.9
2019;Mafra;0.251;0.0;0.01;0.0;0.53;0.84;0.379;0.51;1022.0
2019;Maia;0.077;0.0;0.0;0.0;0.505;1.0;1.0;0.855;1250.7
2019;Mangualde;0.017;0.007;0.0;0.0;0.059;0.049;0.218;0.636;1105.3
2019;Marinha Grande;0.0;0.0;0.0;0.0;0.359;0.24;0.342;0.983;1335.3
2019;Matosinhos;0.139;0.0;0.0;0.0;0.446;0.122;1.0;0.986;1337.7
2019;Mealhada;0.042;0.0;0.0;0.0;0.436;0.258;0.029;0.638;1106.8
2019;Monforte;0.035;0.035;0.035;0.035;0.035;0.035;0.241;0.508;1020.3
2019;Montijo;0.31;0.258;0.021;0.0;0.808;0.39;1.0;0.519;1027.6
2019;Mortágua;0.0;0.0;0.0;0.0;0.206;0.0;0.155;0.534;1037.8
2019;Nelas;0.0;0.0;0.0;0.0;0.254;1.0;0.114;0.625;1098.2
2019;Oeiras;0.223;0.0;0.0;0.0;0.53;0.488;0.862;1.0;1346.7
2019;Oliveira de Azeméis;0.0;0.0;0.0;0.0;0.181;0.209;0.284;0.697;1145.8
2019;Oliveira de Frades;0.073;0.042;0.0;0.0;0.491;0.498;0.0;0.712;1155.7
2019;Oliveira do Bairro;0.0;0.0;0.0;0.0;0.314;0.0;0.229;0.549;1047.8
2019;Ourém;0.0;0.0;0.0;0.0;0.042;0.153;0.082;0.522;1029.4
2019;Ovar;0.387;0.139;0.0;0.0;0.533;0.847;0.693;0.589;1074.0
2019;Palmela;0.028;0.279;0.0;0.0;0.526;0.728;0.36;1.0;1346.7
2019;Pombal;0.125;0.0;0.0;0.0;0.561;0.195;0.352;0.515;1025.0
2019;Ponta Delgada;0.415;0.408;0.118;0.0;0.282;0.268;1.0;0.787;1205.5
2019;Ponte de Sor;0.0;0.066;0.0;0.0;0.303;0.0;0.177;0.523;1030.1
2019;Portimão;0.08;0.0;0.0;0.0;0.662;0.819;0.863;0.551;1049.2
2019;Porto;0.0;0.0;0.0;0.0;0.185;0.352;1.0;1.0;1346.7
2019;Porto de Mós;0.052;0.0;0.0;0.0;0.397;0.115;0.12;0.61;1088.0
2019;Porto Santo;0.0;0.115;0.0;0.0;0.76;0.92;0.155;0.742;1175.5
2019;Póvoa de Varzim;0.188;0.0;0.0;0.0;0.254;0.854;0.449;0.528;1033.8
2019;Ribeira de Pena;0.495;0.0;0.0;0.0;0.348;0.523;0.053;0.829;1233.3
2019;Rio Maior;0.125;0.0;0.0;0.0;0.704;0.603;0.153;0.538;1040.4
2019;Santa Cruz;0.0;0.0;0.0;0.0;0.021;0.0;0.426;0.652;1116.1
2019;Santa Cruz da Graciosa;0.683;0.035;0.0;0.035;0.627;0.035;0.165;0.536;1039.1
2019;Santa Cruz das Flores;0.0;0.045;0.697;0.045;0.0;0.045;0.025;0.746;1178.4
2019;Santa Maria da Feira;0.0;0.0;0.0;0.0;0.355;0.394;1.0;0.612;1089.7
2019;Santarém;0.08;0.0;0.0;0.0;0.453;0.0;0.715;0.576;1065.3
2019;Santiago do Cacém;0.15;0.0;0.0;0.0;0.425;0.812;0.138;0.565;1058.2
2019;São João da Madeira;0.0;0.0;0.0;0.0;0.321;0.387;0.172;0.589;1074.2
2019;São Roque do Pico;0.314;0.035;0.47;0.035;1.0;0.035;0.028;0.532;1036.1
2019;Seixal;0.091;0.0;0.087;0.0;0.749;1.0;1.0;0.887;1271.7
2019;Sesimbra;0.132;0.0;0.038;0.0;0.718;0.735;0.693;0.54;1041.6
2019;Setúbal;0.031;0.0;0.0;0.0;0.432;0.495;1.0;0.792;1208.6
2019;Sever do Vouga;0.0;0.0;0.0;0.16;0.15;0.066;0.018;0.554;1050.9
2019;Sines;0.554;0.0;0.0;0.0;1.0;0.369;0.215;1.0;1346.7
2019;Sintra;0.31;0.0;0.118;0.0;0.833;1.0;1.0;0.81;1220.7
2019;Tomar;0.164;0.0;0.0;0.0;0.488;0.53;0.364;0.516;1025.4
2019;Tondela;0.178;0.0;0.0;0.0;0.488;0.0;0.087;0.635;1104.5
2019;Torres Novas;0.0;0.0;0.0;0.0;0.439;0.216;0.19;0.628;1099.7
2019;Torres Vedras;0.056;0.0;0.0;0.0;0.498;0.606;0.504;0.524;1030.8
2019;Trofa;0.052;0.0;0.0;0.0;0.0;0.0;0.312;0.648;1113.1
2019;Vagos;0.0;0.0;0.0;0.0;0.693;0.711;0.123;0.536;1039.0
2019;Vale de Cambra;0.0;0.0;0.0;0.0;0.188;0.0;0.044;0.683;1136.3
2019;Valongo;0.146;0.0;0.0;0.0;0.648;0.418;1.0;0.609;1087.7
2019;Velas;0.568;0.272;0.105;0.0;0.697;0.0;0.062;0.501;1015.7
2019;Vendas Novas;0.0;0.0;0.0;0.0;0.206;0.0;0.112;0.553;1050.1
2019;Viana do Castelo;0.0;0.0;0.0;0.0;0.293;0.108;0.65;0.65;1114.7
2019;Vila da Praia da Vitória;0.052;0.0;0.0;0.0;0.408;0.216;0.782;0.579;1067.4
2019;Vila do Conde;0.209;0.0;0.0;0.0;0.794;0.289;0.556;0.711;1155.0
2019;Vila do Porto;0.244;0.425;0.0;0.0;0.679;0.0;0.133;1.0;1346.7
2019;Vila Franca de Xira;0.164;0.0;0.0;0.0;0.787;1.0;1.0;0.848;1245.6
2019;Vila Nova de Cerveira;0.0;0.038;0.0;0.0;0.495;0.233;0.003;0.607;1086.1
2019;Vila Nova de Famalicão;0.0;0.0;0.0;0.0;0.16;0.063;0.779;0.598;1080.2
2019;Vila Nova de Gaia;0.226;0.0;0.0;0.0;0.533;0.084;1.0;0.714;1157.3
2019;Vila Real;0.077;0.0;0.0;0.0;0.31;0.39;0.697;0.614;1090.7
2019;Vila Velha de Ródão;0.049;0.049;0.049;0.049;0.049;0.049;0.019;0.856;1251.3
2019;Vila Viçosa;0.052;0.0;0.0;0.0;0.063;0.0;0.113;0.576;1065.3
2019;Viseu;0.028;0.0;0.0;0.0;0.237;0.54;1.0;0.533;1036.9
2020;Abrantes;0.0;0.0;0.0;0.0;0.146;0.871;0.507;0.727;1165.5
2020;Águeda;0.0;0.0;0.0;0.0;0.146;0.0;0.324;0.612;1089.1
2020;Albergaria-a-Velha;0.084;0.0;0.0;0.0;0.181;0.084;0.221;0.688;1139.9
2020;Albufeira;0.153;0.0;0.0;0.0;0.547;1.0;0.432;0.571;1062.1
2020;Alcácer do Sal;0.0;0.0;0.0;1.0;0.0;0.0;0.08;0.512;1023.0
2020;Alcanena;0.0;0.0;0.0;0.0;0.195;0.0;0.028;0.656;1118.3
2020;Alcobaça;0.0;0.0;0.0;0.0;0.192;0.774;0.281;0.536;1038.7
2020;Alcochete;0.0;0.0;0.0;0.0;0.209;0.408;0.174;1.0;1346.7
2020;Alenquer;0.136;0.0;0.0;0.0;0.258;0.422;0.274;0.805;1217.7
2020;Aljustrel;0.436;0.0;0.0;0.0;0.0;0.0;0.21;0.769;1193.8
2020;Almada;0.115;0.0;0.0;0.0;0.352;0.645;1.0;0.755;1184.0
2020;Alvito;0.0;0.0;0.0;0.0;0.0;0.289;0.032;0.546;1045.4
2020;Amadora;0.024;0.0;0.0;0.0;0.408;1.0;1.0;1.0;1346.7
2020;Anadia;0.0;0.0;0.0;0.0;0.188;0.105;0.082;0.531;1035.4
2020;Angra do Heroísmo;0.0;0.495;0.0;0.0;0.143;0.575;0.934;0.638;1106.8
2020;Arraiolos;0.0;0.0;0.0;0.0;0.0;0.0;0.016;0.515;1024.8
2020;Arruda dos Vinhos;0.0;0.136;0.0;0.132;0.0;0.456;0.087;0.64;1107.8
2020;Aveiro;0.0;0.0;0.0;0.0;0.0;0.23;0.677;0.909;1286.1
2020;Azambuja;0.293;0.0;0.0;0.01;0.216;0.16;0.229;0.61;1087.9
2020;Barreiro;0.0;0.0;0.0;0.0;0.171;0.578;1.0;0.725;1164.5
2020;Batalha;0.0;0.0;0.0;0.0;0.0;0.0;0.042;0.667;1125.6
2020;Beja;0.045;0.035;0.0;0.0;0.185;0.899;1.0;0.671;1128.7
2020;Benavente;0.052;0.0;0.0;0.0;0.275;0.334;0.431;0.669;1127.2
2020;Braga;0.0;0.0;0.0;0.0;0.094;0.206;1.0;0.758;1186.4
2020;Bragança;0.0;0.0;0.0;0.0;0.042;0.0;0.288;0.548;1046.9
2020;Cadaval;0.0;0.958;0.0;0.0;0.0;0.725;0.066;0.504;1017.5
2020;Caldas da Rainha;0.164;0.0;0.0;0.0;0.105;0.3;0.214;0.506;1019.3
2020;Calheta [R.A.M.];0.0;0.348;0.0;0.0;0.265;0.07;0.148;0.805;1217.4
2020;Câmara de Lobos;0.328;0.0;0.0;0.0;0.0;1.0;0.421;0.501;1015.9
2020;Campo Maior;0.0;0.0;0.0;0.0;0.0;0.0;0.238;0.966;1324.3
2020;Cantanhede;0.0;0.0;0.0;0.0;0.0;0.0;0.158;0.642;1109.5
2020;Cartaxo;0.0;0.348;0.0;0.0;0.084;0.958;0.105;0.551;1048.8
2020;Cascais;0.038;0.0;0.0;0.0;0.213;0.498;1.0;0.875;1264.1
2020;Castelo Branco;0.0;0.0;0.0;0.0;0.091;0.512;0.644;0.518;1026.8
2020;Castro Verde;0.105;0.087;0.0;0.0;0.0;0.0;0.062;1.0;1346.7
2020;Celorico da Beira;0.0;0.0;0.0;0.0;0.087;0.0;0.068;0.601;1082.2
2020;Coimbra;0.0;0.0;0.0;0.0;0.021;0.091;1.0;0.8;1214.2
2020;Condeixa-a-Nova;0.0;0.296;0.0;0.0;0.0;0.0;0.072;0.502;1016.5
2020;Constância;0.0;0.007;0.0;0.0;0.0;0.007;0.034;0.903;1282.2
2020;Coruche;0.031;0.0;0.0;0.0;0.0;0.0;0.35;0.539;1041.0
2020;Corvo;0.0;0.003;0.0;0.003;0.0;0.003;0.155;0.837;1238.9
2020;Covilhã;0.0;0.035;0.0;0.0;0.0;0.286;0.561;0.519;1027.8
2020;Cuba;0.0;0.0;0.0;0.0;0.0;0.0;0.113;0.514;1024.1
2020;Entroncamento;0.0;0.0;0.0;0.0;0.0;0.544;0.303;0.77;1194.2
2020;Estarreja;0.0;0.0;0.0;0.0;0.0;0.233;0.517;0.925;1297.0
2020;Évora;0.0;0.0;0.0;0.0;0.066;0.631;0.62;0.728;1166.6
2020;Faro;0.0;0.0;0.0;0.0;0.0;0.669;0.954;0.801;1215.0
2020;Ferreira do Alentejo;0.0;0.0;0.0;0.0;0.0;0.0;0.113;0.543;1043.9
2020;Figueira da Foz;0.0;0.0;0.0;0.0;0.0;0.314;0.658;0.783;1202.7
2020;Funchal;0.0;0.052;0.0;0.0;0.237;0.54;1.0;0.837;1238.7
2020;Golegã;0.0;0.0;0.0;0.0;0.314;0.993;0.023;0.524;1030.8
2020;Gondomar;0.0;0.0;0.0;0.0;0.007;0.073;1.0;0.547;1046.4
2020;Grândola;0.038;0.0;0.0;0.0;0.3;0.0;0.106;0.545;1045.2
2020;Guarda;0.0;0.0;0.0;0.0;0.0;0.0;0.573;0.699;1147.2
2020;Horta;0.059;0.0;0.0;0.0;0.052;0.0;0.175;0.709;1153.6
2020;Ílhavo;0.136;0.0;0.0;0.0;0.129;1.0;0.441;0.747;1179.0
2020;Lagoa;0.125;0.0;0.0;0.0;0.038;0.317;0.275;0.586;1072.0
2020;Lagos;0.209;0.0;0.0;0.0;0.491;0.875;0.21;0.506;1019.3
2020;Leiria;0.0;0.0;0.0;0.0;0.063;0.136;0.66;0.718;1159.5
2020;Lisboa;0.0;0.0;0.0;0.0;0.192;0.585;1.0;1.0;1346.7
2020;Loulé;0.0;0.0;0.0;0.0;0.251;0.895;0.587;0.602;1082.9
2020;Loures;0.143;0.0;0.0;0.0;0.359;0.697;1.0;0.864;1256.2
2020;Lousã;0.0;0.181;0.0;0.0;0.0;0.261;0.196;0.503;1017.2
2020;Machico;0.0;0.0;0.0;0.0;0.007;0.181;0.226;0.646;1111.9
2020;Mafra;0.063;0.0;0.0;0.0;0.268;1.0;0.379;0.579;1067.7
2020;Maia;0.0;0.0;0.0;0.0;0.0;0.84;1.0;0.926;1297.5
2020;Mangualde;0.063;0.0;0.0;0.0;0.341;0.279;0.218;0.716;1158.5
2020;Marinha Grande;0.0;0.0;0.0;0.0;0.0;0.397;0.342;0.975;1329.9
2020;Matosinhos;0.014;0.0;0.0;0.0;0.063;0.303;1.0;1.0;1346.7
2020;Mealhada;0.0;0.0;0.0;0.0;0.0;0.0;0.029;0.734;1170.5
2020;Monforte;0.0;0.0;0.0;0.0;0.0;0.0;0.241;0.529;1034.5
2020;Montijo;0.024;0.111;0.0;0.0;0.387;0.676;1.0;0.608;1086.9
2020;Mortágua;0.0;0.0;0.0;0.0;0.0;0.0;0.0;0.587;1072.7
2020;Nazaré;0.049;0.0;0.028;0.0;0.484;0.533;0.071;0.524;1030.9
2020;Nelas;0.0;0.0;0.0;0.0;0.066;0.753;0.11;0.67;1127.9
2020;Óbidos;0.0;0.0;0.0;0.0;0.679;0.76;0.009;0.517;1026.1
2020;Oeiras;0.014;0.0;0.0;0.0;0.192;0.411;0.921;1.0;1346.7
2020;Oliveira de Azeméis;0.0;0.0;0.0;0.0;0.0;0.084;0.222;0.737;1172.2
2020;Oliveira de Frades;0.0;0.0;0.0;0.0;0.059;0.202;0.006;0.667;1125.8
2020;Oliveira do Bairro;0.0;0.0;0.0;0.0;0.192;0.0;0.238;0.62;1094.6
2020;Ourém;0.0;0.0;0.0;0.0;0.0;0.303;0.119;0.573;1063.4
2020;Ovar;0.0;0.0;0.0;0.0;0.049;0.139;0.662;0.65;1114.5
2020;Palmela;0.0;0.0;0.0;0.0;0.077;0.355;0.357;1.0;1346.7
2020;Penacova;0.0;0.0;0.0;0.0;0.15;0.568;0.02;0.507;1020.0
2020;Penafiel;0.0;0.0;0.0;0.0;0.0;0.098;0.963;0.533;1037.1
2020;Pombal;0.0;0.0;0.0;0.0;0.0;0.0;0.362;0.571;1062.0
2020;Ponta Delgada;0.094;0.561;0.0;0.0;0.042;0.362;1.0;0.838;1239.4
2020;Ponte de Sor;0.0;0.021;0.0;0.087;0.115;1.0;0.172;0.587;1073.0
2020;Portalegre;0.0;0.0;0.0;0.0;0.07;0.0;0.155;0.54;1041.3
2020;Portimão;0.0;0.0;0.0;0.0;0.226;0.815;0.904;0.601;1081.9
2020;Porto;0.0;0.0;0.0;0.0;0.0;0.164;1.0;1.0;1346.7
2020;Porto de Mós;0.0;0.0;0.0;0.0;0.0;0.094;0.122;0.68;1134.5
2020;Porto Santo;0.0;0.425;0.0;0.0;0.15;1.0;0.004;0.788;1206.0
2020;Póvoa de Varzim;0.038;0.0;0.0;0.0;0.045;1.0;0.456;0.522;1029.7
2020;Povoação;0.0;0.111;0.0;0.348;0.502;0.115;0.323;0.532;1036.6
2020;Ribeira de Pena;0.0;0.0;0.0;0.0;0.0;0.676;0.065;0.733;1169.5
2020;Rio Maior;0.0;0.0;0.0;0.0;0.014;0.282;0.148;0.584;1070.8
2020;Salvaterra de Magos;0.073;0.0;0.0;0.0;0.111;0.035;0.17;0.529;1034.2
2020;Santa Cruz;0.0;0.22;0.0;0.0;0.0;0.0;0.393;0.577;1066.1
2020;Santa Cruz da Graciosa;0.115;0.456;0.0;0.0;0.0;0.0;0.165;0.544;1044.3
2020;Santa Cruz das Flores;0.0;0.0;0.15;0.0;0.0;0.0;0.018;0.687;1139.0
2020;Santa Maria da Feira;0.0;0.0;0.0;0.0;0.0;0.422;0.992;0.668;1126.4
2020;Santarém;0.0;0.0;0.0;0.0;0.101;0.021;0.71;0.627;1099.5
2020;Santiago do Cacém;0.293;0.028;0.0;0.0;0.115;0.0;0.131;0.587;1072.6
2020;Santo Tirso;0.0;0.0;0.0;0.0;0.0;0.0;0.58;0.539;1040.9
2020;São João da Madeira;0.0;0.0;0.0;0.0;0.0;0.404;0.166;0.698;1146.2
2020;São Roque do Pico;0.0;0.0;0.0;0.0;0.0;0.0;0.016;0.554;1051.2
2020;Seixal;0.073;0.0;0.0;0.0;0.31;0.662;1.0;1.0;1346.7
2020;Sesimbra;0.091;0.0;0.0;0.0;0.258;0.641;0.687;0.511;1022.5
2020;Setúbal;0.0;0.0;0.0;0.0;0.411;0.244;1.0;0.866;1257.5
2020;Sever do Vouga;0.0;0.0;0.0;0.0;0.0;0.0;0.023;0.664;1123.9
2020;Sines;0.101;0.0;0.0;0.0;0.425;0.31;0.213;1.0;1346.7
2020;Sintra;0.146;0.0;0.0;0.0;0.394;0.885;1.0;0.862;1255.4
2020;Sobral de Monte Agraço;0.0;0.0;0.0;0.0;0.491;0.603;0.034;0.522;1029.8
2020;Soure;0.0;0.0;0.0;0.0;0.0;0.0;0.062;0.503;1017.0
2020;Tomar;0.0;0.0;0.0;0.0;0.188;0.303;0.388;0.544;1044.2
2020;Tondela;0.0;0.0;0.0;0.0;0.066;0.146;0.075;0.719;1160.5
2020;Torres Novas;0.0;0.0;0.0;0.0;0.136;0.69;0.185;0.69;1141.4
2020;Torres Vedras;0.0;0.0;0.0;0.0;0.091;0.439;0.536;0.588;1073.5
2020;Trofa;0.0;0.0;0.0;0.0;0.0;0.0;0.297;0.696;1145.1
2020;Vagos;0.0;0.0;0.0;0.0;0.073;0.533;0.139;0.548;1046.8
2020;Vale de Cambra;0.0;0.0;0.0;0.0;0.0;0.0;0.028;0.753;1183.2
2020;Valongo;0.0;0.0;0.0;0.0;0.185;0.631;1.0;0.654;1117.0
2020;Velas;0.188;0.049;0.0;0.049;0.443;0.0;0.037;0.546;1045.6
2020;Vendas Novas;0.0;0.0;0.0;0.0;0.206;0.0;0.108;0.621;1095.4
2020;Viana do Castelo;0.0;0.0;0.0;0.0;0.0;1.0;0.636;0.708;1153.0
2020;Vila da Praia da Vitória;0.115;0.0;0.0;0.0;0.017;0.0;0.691;0.595;1078.1
2020;Vila do Conde;0.0;0.0;0.0;0.0;0.289;0.22;0.556;0.737;1172.3
2020;Vila do Porto;0.028;0.045;0.0;0.045;0.0;0.045;0.091;1.0;1346.7
2020;Vila Franca de Xira;0.098;0.0;0.0;0.0;0.443;0.889;1.0;0.889;1273.3
2020;Vila Nova de Cerveira;0.0;0.0;0.0;0.115;0.0;0.0;0.001;0.673;1130.0
2020;Vila Nova de Famalicão;0.0;0.0;0.0;0.0;0.0;0.0;0.806;0.682;1135.8
2020;Vila Nova de Gaia;0.003;0.0;0.0;0.0;0.118;0.0;1.0;0.783;1203.1
2020;Vila Real;0.0;0.0;0.0;0.0;0.035;0.0;0.655;0.651;1115.3
2020;Vila Velha de Ródão;0.014;0.014;0.014;0.014;0.014;0.014;0.024;1.0;1346.7
2020;Vila Viçosa;0.0;0.0;0.0;0.0;0.0;0.0;0.076;0.647;1112.9
2020;Viseu;0.0;0.0;0.0;0.0;0.0;0.293;1.0;0.576;1065.3
2021;Abrantes;0.341;0.0;0.0;0.0;0.146;0.105;0.503;0.73;1167.8
2021;Águeda;0.0;0.0;0.0;0.0;0.0;0.0;0.298;0.669;1127.5
2021;Alandroal;0.0;0.0;0.0;0.0;0.0;0.0;0.006;0.508;1020.1
2021;Albergaria-a-Velha;0.0;0.0;0.0;0.0;0.091;0.0;0.21;0.77;1194.1
2021;Albufeira;0.111;0.007;0.0;0.0;0.369;0.78;0.504;0.616;1092.3
2021;Alcácer do Sal;0.143;0.523;0.0;0.0;0.0;0.0;0.066;0.602;1082.9
2021;Alcanena;0.0;0.0;0.0;0.0;0.0;0.0;0.034;0.72;1161.3
2021;Alcobaça;0.0;0.0;0.0;0.0;0.045;0.213;0.351;0.589;1074.2
2021;Alcochete;0.0;0.0;0.0;0.0;0.0;0.585;0.16;1.0;1346.7
2021;Alenquer;0.373;0.0;0.0;0.01;0.446;0.324;0.335;0.839;1239.7
2021;Aljustrel;0.22;0.0;0.01;0.523;0.0;0.0;0.232;0.898;1278.8
2021;Almada;0.132;0.0;0.0;0.0;0.352;0.638;1.0;0.808;1219.6
2021;Almeirim;0.122;0.0;0.0;0.0;0.129;0.017;0.214;0.534;1037.7
2021;Alpiarça;0.0;0.0;0.0;0.0;0.0;0.0;0.029;0.501;1015.7
2021;Alvito;0.0;0.0;0.0;0.213;0.0;0.261;0.029;0.537;1039.8
2021;Amadora;0.289;0.0;0.0;0.0;0.296;0.878;1.0;1.0;1346.7
2021;Amares;0.0;0.0;0.0;0.0;0.0;0.0;0.091;0.545;1045.0
2021;Anadia;0.0;0.0;0.0;0.0;0.0;0.077;0.06;0.617;1092.7
2021;Angra do Heroísmo;0.101;0.551;0.0;0.0;0.404;0.582;0.849;0.679;1133.9
2021;Arouca;0.003;0.0;0.0;0.125;0.0;0.76;0.049;0.511;1022.5
2021;Arraiolos;0.0;0.038;0.0;0.0;0.0;0.0;0.006;0.546;1045.3
2021;Arruda dos Vinhos;0.0;0.15;0.0;0.139;0.0;0.951;0.071;0.69;1141.4
2021;Aveiro;0.0;0.0;0.0;0.0;0.0;0.087;0.688;0.953;1315.8
2021;Avis;0.0;0.0;0.0;0.0;0.0;0.0;0.128;0.537;1039.7
2021;Azambuja;0.042;0.0;0.0;0.209;0.115;0.443;0.253;0.671;1128.5
2021;Barcelos;0.0;0.0;0.0;0.0;0.0;0.0;0.195;0.527;1033.1
2021;Barreiro;0.0;0.0;0.0;0.0;0.028;0.383;1.0;0.767;1192.2
2021;Batalha;0.0;0.0;0.0;0.0;0.275;0.0;0.051;0.729;1167.3
2021;Beja;0.118;0.0;0.0;0.0;0.254;0.725;1.0;0.752;1182.2
2021;Benavente;0.084;0.0;0.0;0.0;0.181;0.286;0.418;0.763;1189.2
2021;Borba;0.0;0.0;0.0;0.0;0.0;0.0;0.17;0.501;1016.0
2021;Braga;0.0;0.0;0.0;0.0;0.0;0.213;1.0;0.831;1234.5
2021;Bragança;0.181;0.0;0.0;0.0;0.024;0.0;0.295;0.61;1088.2
2021;Cadaval;0.596;0.0;0.0;0.15;0.0;0.0;0.067;0.543;1043.3
2021;Caldas da Rainha;0.15;0.0;0.0;0.0;0.188;0.213;0.28;0.638;1106.5
2021;Calheta [R.A.M.];0.0;0.321;0.0;0.0;0.0;0.613;0.147;0.825;1230.9
2021;Câmara de Lobos;0.878;0.0;0.024;0.0;0.0;0.063;0.425;0.521;1028.8
2021;Campo Maior;0.0;0.0;0.0;0.0;0.0;0.0;0.242;1.0;1346.7
2021;Cantanhede;0.0;0.0;0.0;0.0;0.0;0.0;0.169;0.709;1153.6
2021;Carregal do Sal;0.0;0.024;0.0;0.0;0.233;1.0;0.047;0.599;1080.7
2021;Cartaxo;0.0;0.272;0.0;0.0;0.0;0.167;0.098;0.629;1100.4
2021;Cascais;0.077;0.0;0.0;0.0;0.199;0.397;1.0;0.92;1293.6
2021;Castelo Branco;0.261;0.0;0.0;0.0;0.0;0.321;0.636;0.591;1075.4
2021;Castro Verde;0.098;0.0;0.0;0.233;0.052;0.0;0.066;1.0;1346.7
2021;Celorico da Beira;0.0;0.063;0.0;0.0;0.0;0.0;0.061;0.627;1099.6
2021;Chamusca;0.073;0.0;0.0;0.0;0.0;0.0;0.053;0.554;1050.9
2021;Chaves;0.0;0.0;0.0;0.0;0.0;0.178;0.497;0.519;1027.9
2021;Cinfães;0.0;0.0;0.0;0.0;0.0;0.174;0.247;0.686;1138.3
2021;Coimbra;0.0;0.0;0.0;0.0;0.0;0.195;1.0;0.878;1265.5
2021;Condeixa-a-Nova;0.0;0.47;0.0;0.0;0.178;0.0;0.084;0.616;1092.1
2021;Constância;0.0;0.0;0.0;0.0;0.523;0.303;0.044;0.843;1242.4
2021;Coruche;0.07;0.0;0.0;0.028;0.0;0.0;0.37;0.584;1070.9
2021;Corvo;0.0;0.0;0.087;0.0;0.523;0.0;0.0;0.569;1060.7
2021;Covilhã;0.0;0.0;0.0;0.0;0.0;0.223;0.591;0.559;1054.3
2021;Cuba;0.0;0.003;0.0;0.0;0.0;0.0;0.096;0.603;1083.3
2021;Elvas;0.0;0.017;0.0;0.0;0.0;0.575;0.812;0.525;1031.7
2021;Entroncamento;0.0;0.0;0.0;0.0;0.0;0.282;0.311;0.797;1212.1
2021;Espinho;0.15;0.0;0.0;0.0;0.0;0.0;0.451;0.62;1095.0
2021;Esposende;0.0;0.0;0.0;0.021;0.01;0.0;0.028;0.574;1064.2
2021;Estarreja;0.0;0.0;0.0;0.0;0.0;0.031;0.484;1.0;1346.7
2021;Estremoz;0.035;0.0;0.0;0.0;0.0;0.0;0.288;0.553;1050.4
2021;Évora;0.0;0.0;0.0;0.0;0.003;0.188;0.677;0.802;1215.6
2021;Faro;0.0;0.0;0.0;0.0;0.0;0.679;1.0;0.866;1257.8
2021;Ferreira do Alentejo;0.0;0.0;0.0;0.0;0.523;0.0;0.128;0.616;1092.3
2021;Ferreira do Zêzere;0.564;0.0;0.0;0.0;0.0;0.0;0.018;0.505;1018.3
2021;Figueira da Foz;0.0;0.0;0.0;0.0;0.0;0.0;0.702;0.869;1259.8
2021;Funchal;0.098;0.017;0.0;0.0;0.24;0.568;1.0;0.877;1264.8
2021;Fundão;0.0;0.0;0.0;0.0;0.0;0.0;0.35;0.56;1055.1
2021;Golegã;0.0;0.0;0.0;0.0;0.265;0.0;0.027;0.507;1019.9
2021;Gondomar;0.0;0.0;0.0;0.0;0.0;0.0;1.0;0.599;1080.8
2021;Grândola;0.164;0.0;0.0;0.0;0.387;0.0;0.127;0.694;1143.8
2021;Guarda;0.122;0.0;0.0;0.0;0.0;0.035;0.561;0.743;1176.3
2021;Guimarães;0.0;0.0;0.0;0.0;0.0;0.091;0.564;0.57;1061.8
2021;Horta;0.331;0.47;0.0;0.16;0.206;0.202;0.156;0.74;1174.4
2021;Ílhavo;0.0;0.0;0.0;0.0;0.084;0.171;0.436;0.851;1247.8
2021;Lagoa;0.132;0.0;0.0;0.0;0.0;1.0;0.33;0.648;1113.2
2021;Lagos;0.47;0.0;0.0;0.0;0.056;0.843;0.237;0.563;1056.6
2021;Lajes das Flores;0.0;0.0;0.0;0.0;0.0;0.0;0.001;0.571;1062.2
2021;Leiria;0.0;0.0;0.0;0.0;0.0;0.038;0.739;0.783;1202.6
2021;Lisboa;0.01;0.0;0.0;0.0;0.118;0.488;1.0;1.0;1346.7
2021;Loulé;0.07;0.0;0.0;0.0;0.059;0.721;0.707;0.649;1114.2
2021;Loures;0.157;0.0;0.0;0.0;0.188;0.676;1.0;0.908;1285.4
2021;Lourinhã;0.502;0.0;0.0;0.073;0.08;1.0;0.226;0.593;1077.0
2021;Lousã;0.049;0.042;0.0;0.0;0.0;0.0;0.167;0.576;1065.3
2021;Machico;0.0;0.746;0.0;0.0;0.0;0.0;0.238;0.691;1142.0
2021;Mafra;0.0;0.0;0.0;0.0;0.348;1.0;0.422;0.646;1111.7
2021;Maia;0.0;0.0;0.0;0.0;0.0;0.101;1.0;1.0;1346.7
2021;Mangualde;0.042;0.0;0.0;0.369;0.059;0.725;0.2;0.793;1209.3
2021;Marinha Grande;0.0;0.0;0.0;0.0;0.0;0.115;0.356;1.0;1346.7
2021;Matosinhos;0.101;0.0;0.0;0.0;0.0;0.07;1.0;1.0;1346.7
2021;Mealhada;0.0;0.0;0.0;0.0;0.0;0.129;0.039;0.758;1185.9
2021;Mirandela;0.049;0.0;0.0;0.0;0.0;0.213;0.245;0.526;1032.1
2021;Moita;0.209;0.0;0.0;0.0;0.08;0.39;1.0;0.555;1051.7
2021;Monforte;0.0;0.0;0.0;0.0;0.0;0.0;0.241;0.589;1074.1
2021;Montemor-o-Novo;0.195;0.0;0.0;0.0;0.094;0.0;0.093;0.532;1036.1
2021;Montemor-o-Velho;0.094;0.0;0.0;0.0;0.0;0.0;0.12;0.542;1042.7
2021;Montijo;0.094;0.0;0.0;0.0;0.261;0.425;1.0;0.66;1121.3
2021;Mora;1.0;0.0;0.0;0.0;0.063;0.0;0.011;0.521;1028.8
2021;Mortágua;0.0;0.0;0.0;0.0;0.0;0.0;0.014;0.576;1065.6
2021;Nazaré;0.024;0.0;0.0;0.0;0.028;0.0;0.089;0.6;1081.2
2021;Nelas;0.0;0.0;0.0;0.0;0.094;0.317;0.104;0.721;1161.7
2021;Óbidos;0.418;0.0;0.0;0.233;0.0;0.0;0.019;0.572;1062.9
2021;Odivelas;0.397;0.0;0.007;0.0;0.477;0.286;1.0;0.546;1045.5
2021;Oeiras;0.0;0.0;0.0;0.0;0.091;0.101;1.0;1.0;1346.7
2021;Oleiros;0.0;0.0;0.0;0.0;0.087;0.0;0.0;0.507;1019.9
2021;Olhão;0.146;0.233;0.0;0.0;0.146;0.0;0.564;0.537;1039.7
2021;Oliveira de Azeméis;0.0;0.0;0.0;0.0;0.0;0.0;0.199;0.695;1144.2
2021;Oliveira de Frades;0.108;0.0;0.0;0.0;0.0;0.0;0.009;0.69;1141.3
2021;Oliveira do Bairro;0.0;0.0;0.0;0.0;0.0;0.0;0.233;0.67;1127.7
2021;Ourém;0.0;0.0;0.0;0.0;0.0;0.017;0.118;0.651;1115.1
2021;Ovar;0.202;0.0;0.0;0.0;0.0;0.206;0.635;0.75;1180.9
2021;Palmela;0.063;0.049;0.0;0.0;0.0;0.0;0.426;1.0;1346.7
2021;Paredes de Coura;0.0;0.0;0.0;0.0;0.0;0.0;0.0;0.521;1029.1
2021;Penacova;0.0;0.122;0.0;0.0;0.014;0.0;0.029;0.512;1023.0
2021;Penafiel;0.0;0.0;0.0;0.0;0.0;0.098;0.866;0.573;1063.7
2021;Penela;0.0;0.0;0.0;0.0;0.0;0.0;0.011;0.579;1067.3
2021;Peniche;0.0;0.108;0.0;0.0;0.125;0.251;0.215;0.553;1050.1
2021;Peso da Régua;0.0;0.0;0.0;0.0;0.0;0.0;0.431;0.542;1042.8
2021;Pombal;0.0;0.0;0.0;0.0;0.003;0.0;0.369;0.621;1095.6
2021;Ponta Delgada;0.321;0.491;0.0;0.0;0.084;0.063;1.0;0.751;1181.4
2021;Ponte de Sor;0.0;0.0;0.0;0.098;0.0;0.0;0.189;0.607;1086.1
2021;Portalegre;0.0;0.0;0.0;0.0;0.084;0.0;0.167;0.631;1101.8
2021;Portel;0.0;1.0;0.0;0.0;0.0;0.0;0.096;0.517;1026.5
2021;Portimão;0.042;0.0;0.0;0.0;0.024;0.732;1.0;0.631;1102.1
2021;Porto;0.0;0.0;0.0;0.0;0.0;0.111;1.0;1.0;1346.7
2021;Porto de Mós;0.0;0.0;0.0;0.0;0.0;0.0;0.125;0.745;1177.4
2021;Porto Santo;0.0;0.0;0.0;0.0;0.16;0.697;0.008;0.965;1323.5
2021;Póvoa de Varzim;0.0;0.0;0.0;0.0;0.0;0.659;0.492;0.579;1067.8
2021;Proença-a-Nova;0.0;0.0;0.0;0.0;0.0;0.0;0.027;0.562;1056.3
2021;Redondo;0.0;0.233;0.0;0.0;0.0;0.0;0.084;0.56;1055.0
2021;Reguengos de Monsaraz;0.0;0.348;0.0;0.15;0.31;0.603;0.284;0.567;1059.3
2021;Ribeira de Pena;0.0;0.286;0.0;0.0;0.0;0.0;0.051;0.716;1158.3
2021;Ribeira Grande;0.244;0.216;0.0;0.01;0.0;0.0;1.0;0.572;1063.0
2021;Rio Maior;0.0;0.0;0.0;0.0;0.0;0.411;0.152;0.673;1129.6
2021;Sabrosa;0.0;0.0;0.0;0.038;0.0;0.0;0.058;0.534;1037.6
2021;Salvaterra de Magos;0.014;0.0;0.0;0.077;0.0;0.188;0.194;0.544;1044.6
2021;Santa Comba Dão;0.01;0.0;0.0;0.087;0.0;0.0;0.067;0.514;1024.2
2021;Santa Cruz;0.0;0.233;0.0;0.0;0.0;0.0;0.435;0.731;1168.4
2021;Santa Cruz da Graciosa;0.0;0.0;0.0;0.0;0.063;0.0;0.17;0.634;1103.9
2021;Santa Cruz das Flores;0.0;0.0;0.0;0.0;0.0;0.0;0.003;0.723;1163.1
2021;Santa Maria da Feira;0.0;0.0;0.0;0.0;0.0;0.216;0.932;0.712;1155.8
2021;Santarém;0.014;0.0;0.0;0.0;0.0;0.108;0.672;0.707;1152.1
2021;Santiago do Cacém;0.098;0.0;0.0;0.0;0.0;0.0;0.133;0.634;1104.2
2021;Santo Tirso;0.0;0.0;0.0;0.0;0.0;0.0;0.568;0.631;1102.1
2021;São Brás de Alportel;0.0;0.0;0.0;0.0;0.0;0.164;0.056;0.526;1032.4
2021;São João da Madeira;0.0;0.0;0.0;0.0;0.0;0.066;0.156;0.698;1146.7
2021;São João da Pesqueira;0.293;0.0;0.0;0.0;0.463;0.92;0.048;0.501;1015.8
2021;São Roque do Pico;0.627;0.0;0.0;0.0;0.481;0.0;0.016;0.58;1068.0
2021;Seixal;0.129;0.0;0.0;0.0;0.279;0.78;1.0;1.0;1346.7
2021;Sesimbra;0.192;0.0;0.0;0.0;0.272;0.822;0.665;0.57;1061.5
2021;Setúbal;0.0;0.0;0.0;0.0;0.216;0.213;1.0;0.916;1290.7
2021;Sever do Vouga;0.0;0.617;0.0;0.289;0.0;0.0;0.023;0.659;1120.5
2021;Silves;0.139;0.028;0.0;0.0;0.08;0.582;0.283;0.553;1050.4
2021;Sines;0.272;0.0;0.0;0.0;0.0;0.488;0.209;1.0;1346.7
2021;Sintra;0.15;0.0;0.0;0.0;0.338;0.648;1.0;0.921;1294.0
2021;Sobral de Monte Agraço;0.0;0.115;0.0;0.0;1.0;0.063;0.046;0.566;1059.0
2021;Soure;0.0;0.0;0.0;0.0;0.098;0.0;0.047;0.606;1085.2
2021;Sousel;0.0;0.0;0.0;0.0;0.0;0.115;0.079;0.512;1023.3
2021;Tabuaço;0.0;0.0;0.115;0.0;0.0;0.038;0.106;0.513;1023.7
2021;Tomar;0.038;0.0;0.0;0.0;0.185;0.296;0.433;0.618;1093.3
2021;Tondela;0.0;0.0;0.0;0.0;0.094;0.091;0.084;0.711;1154.9
2021;Torres Novas;0.0;0.0;0.0;0.0;0.0;0.38;0.19;0.696;1145.3
2021;Torres Vedras;0.0;0.0;0.0;0.0;0.0;0.603;0.532;0.641;1108.6
2021;Trancoso;0.0;0.0;0.0;0.0;0.0;0.0;0.03;0.501;1015.7
2021;Trofa;0.0;0.0;0.0;0.0;0.0;0.0;0.274;0.796;1211.5
2021;Vagos;0.017;0.0;0.0;0.122;0.0;0.582;0.137;0.567;1059.7
2021;Vale de Cambra;0.0;0.0;0.0;0.0;0.0;0.0;0.023;0.812;1221.8
2021;Valença;0.0;0.0;0.0;0.0;0.0;0.0;0.141;0.53;1034.8
2021;Valongo;0.0;0.0;0.0;0.0;0.007;0.178;1.0;0.715;1157.6
2021;Velas;0.087;0.0;0.0;0.0;0.167;0.0;0.024;0.54;1041.8
2021;Vendas Novas;0.167;0.0;0.0;0.0;0.0;0.0;0.123;0.599;1080.5
2021;Viana do Castelo;0.0;0.0;0.0;0.0;0.0;0.003;0.668;0.772;1195.8
2021;Vidigueira;0.0;0.0;0.0;0.0;0.0;0.0;0.208;0.573;1063.6
2021;Vila da Praia da Vitória;0.01;0.0;0.0;0.216;0.042;0.056;0.578;0.619;1094.2
2021;Vila do Conde;0.0;0.0;0.0;0.0;0.0;0.0;0.499;0.802;1215.5
2021;Vila do Porto;0.0;0.0;0.0;0.003;0.0;0.348;0.068;1.0;1346.7
2021;Vila Franca de Xira;0.059;0.0;0.0;0.0;0.122;0.843;1.0;0.953;1315.6
2021;Vila Nova de Cerveira;0.0;0.0;0.0;0.0;0.0;0.188;0.008;0.707;1152.1
2021;Vila Nova de Famalicão;0.0;0.0;0.0;0.0;0.0;0.014;0.785;0.769;1193.5
2021;Vila Nova de Gaia;0.098;0.0;0.0;0.0;0.153;0.0;1.0;0.841;1241.3
2021;Vila Nova de Poiares;0.0;0.0;0.0;0.0;0.0;0.397;0.043;0.549;1047.5
2021;Vila Real;0.0;0.0;0.0;0.0;0.0;0.233;0.629;0.689;1140.5
2021;Vila Real de Santo António;0.0;0.0;0.0;0.111;0.091;0.648;0.279;0.518;1027.2
2021;Vila Velha de Ródão;0.0;0.0;0.0;0.0;0.0;0.0;0.03;1.0;1346.7
2021;Vila Viçosa;0.0;0.0;0.0;0.348;0.0;0.105;0.063;0.657;1119.1
2021;Viseu;0.0;0.0;0.0;0.0;0.077;0.516;1.0;0.671;1128.8
2022;Abrantes;0.0;0.0;0.0;0.0;0.0;0.0;0.53;0.786;1204.7
2022;Águeda;0.0;0.0;0.0;0.0;0.052;0.0;0.354;0.767;1192.3
2022;Alandroal;0.0;0.0;0.0;0.0;0.0;0.0;0.016;0.618;1093.2
2022;Albergaria-a-Velha;0.091;0.0;0.0;0.0;0.0;0.0;0.227;0.863;1256.1
2022;Albufeira;0.066;0.0;0.0;0.0;0.505;0.69;0.73;0.661;1122.0
2022;Alcácer do Sal;0.028;0.0;0.0;0.0;0.0;0.0;0.066;0.668;1126.8
2022;Alcanena;0.0;0.0;0.0;0.0;0.0;0.0;0.068;0.814;1223.5
2022;Alcobaça;0.052;0.0;0.0;0.0;0.066;0.091;0.383;0.673;1130.1
2022;Alcochete;0.0;0.0;0.0;0.0;0.153;0.829;0.153;1.0;1346.7
2022;Alenquer;0.111;0.0;0.0;0.0;0.146;0.139;0.347;0.905;1284.0
2022;Alijó;0.0;0.0;0.031;0.0;0.0;0.174;0.101;0.517;1026.1
2022;Aljustrel;0.0;0.258;0.0;0.017;0.167;0.0;0.265;1.0;1346.7
2022;Almada;0.16;0.0;0.0;0.0;0.209;0.526;1.0;0.87;1260.3
2022;Almeirim;0.087;0.0;0.0;0.0;0.0;0.0;0.26;0.659;1120.3
2022;Almodôvar;0.066;0.0;0.0;0.0;0.0;0.0;0.053;0.552;1049.8
2022;Alpiarça;0.0;0.0;0.0;0.0;0.0;0.15;0.033;0.636;1105.4
2022;Alvaiázere;0.0;0.934;0.0;0.0;0.0;0.0;0.032;0.556;1052.2
2022;Alvito;0.0;0.056;0.0;0.063;0.0;0.334;0.027;0.701;1148.6
2022;Amadora;0.185;0.0;0.021;0.0;0.244;0.756;1.0;1.0;1346.7
2022;Amarante;0.0;0.0;0.0;0.0;0.0;0.0;0.743;0.548;1047.0
2022;Amares;0.07;0.0;0.0;0.0;0.0;0.0;0.086;0.573;1063.4
2022;Anadia;0.195;0.0;0.0;0.0;0.0;0.007;0.076;0.675;1131.4
2022;Angra do Heroísmo;0.422;0.436;0.0;0.0;0.0;1.0;0.655;0.759;1186.7
2022;Ansião;0.0;0.157;0.0;0.0;0.0;0.0;0.067;0.611;1088.6
2022;Arcos de Valdevez;0.0;0.0;0.0;0.0;0.0;0.22;0.016;0.597;1079.2
2022;Arouca;0.0;0.0;0.0;0.0;0.0;0.0;0.058;0.615;1091.2
2022;Arraiolos;0.122;0.0;0.0;0.0;0.373;0.0;0.001;0.62;1094.7
2022;Arruda dos Vinhos;0.0;0.481;0.0;0.0;0.0;0.585;0.074;0.767;1192.3
2022;Aveiro;0.0;0.0;0.0;0.0;0.0;0.118;0.787;1.0;1346.7
2022;Avis;0.0;0.0;0.0;0.0;0.0;0.0;0.119;0.595;1078.3
2022;Azambuja;0.049;0.0;0.0;0.0;0.0;0.15;0.292;0.68;1134.8
2022;Barcelos;0.0;0.0;0.0;0.0;0.0;0.0;0.241;0.616;1091.8
2022;Barreiro;0.108;0.0;0.0;0.0;0.056;0.383;1.0;0.838;1239.1
2022;Batalha;0.084;0.0;0.0;0.0;0.0;0.0;0.09;0.801;1214.5
2022;Beja;0.111;0.0;0.0;0.0;0.143;0.355;1.0;0.821;1227.8
2022;Benavente;0.394;0.0;0.0;0.0;0.164;0.136;0.48;0.897;1278.6
2022;Bombarral;0.063;0.07;0.0;0.0;0.08;0.328;0.07;0.569;1061.0
2022;Borba;0.0;0.0;0.0;0.0;0.0;0.0;0.152;0.546;1045.9
2022;Braga;0.0;0.0;0.0;0.0;0.0;0.118;1.0;0.908;1286.0
2022;Bragança;0.094;0.0;0.0;0.0;0.014;0.15;0.303;0.695;1144.2
2022;Cadaval;0.676;0.0;0.0;0.0;0.0;0.812;0.082;0.635;1104.7
2022;Caldas da Rainha;0.132;0.0;0.0;0.0;0.265;0.268;0.319;0.708;1152.9
2022;Calheta [R.A.M.];0.167;0.0;0.0;0.0;0.0;0.697;0.131;0.854;1249.9
2022;Câmara de Lobos;0.578;1.0;0.0;0.0;0.631;0.0;0.366;0.578;1066.9
2022;Campo Maior;0.188;0.0;0.0;0.0;0.0;0.0;0.264;1.0;1346.7
2022;Cantanhede;0.0;0.0;0.0;0.0;0.0;0.0;0.174;0.741;1175.1
2022;Carregal do Sal;0.0;0.0;0.0;0.0;0.0;0.0;0.053;0.707;1152.4
2022;Cartaxo;0.188;0.334;0.0;0.017;0.07;0.972;0.093;0.734;1170.3
2022;Cascais;0.094;0.0;0.0;0.0;0.049;0.338;1.0;1.0;1346.7
2022;Castanheira de Pêra;0.0;0.0;0.0;0.0;0.0;0.0;0.01;0.519;1027.8
2022;Castelo Branco;0.035;0.0;0.0;0.0;0.028;0.331;0.707;0.66;1120.9
2022;Castelo de Vide;0.0;0.0;0.0;0.0;0.0;0.0;0.008;0.506;1018.8
2022;Castro Verde;0.0;0.0;0.0;0.0;0.0;0.348;0.074;1.0;1346.7
2022;Celorico da Beira;0.0;0.0;0.0;0.0;0.0;0.0;0.058;0.625;1098.2
2022;Chamusca;0.01;0.0;0.0;0.0;0.0;0.0;0.063;0.593;1076.6
2022;Chaves;0.0;0.0;0.0;0.0;0.0;0.0;0.536;0.619;1094.2
2022;Coimbra;0.0;0.0;0.0;0.0;0.0;0.153;1.0;0.977;1331.2
2022;Condeixa-a-Nova;0.0;0.087;0.0;0.0;0.094;0.0;0.062;0.707;1152.1
2022;Constância;0.296;0.0;0.0;0.0;0.0;0.0;0.039;0.916;1291.3
2022;Coruche;0.0;0.0;0.0;0.261;0.0;0.087;0.349;0.646;1111.6
2022;Corvo;0.0;0.0;0.0;0.0;0.0;0.0;0.0;0.935;1303.9
2022;Covilhã;0.0;0.0;0.0;0.0;0.0;0.01;0.558;0.652;1115.6
2022;Cuba;0.0;0.017;0.0;0.066;0.0;0.0;0.129;0.63;1101.1
2022;Elvas;0.0;0.028;0.0;0.0;0.028;0.0;0.771;0.58;1068.3
2022;Entroncamento;0.157;0.052;0.0;0.021;0.0;0.47;0.328;0.891;1274.5
2022;Espinho;0.0;0.063;0.0;0.0;0.0;0.0;0.416;0.696;1145.1
2022;Esposende;0.0;0.0;0.0;0.0;0.0;0.0;0.128;0.575;1064.6
2022;Estarreja;0.077;0.0;0.0;0.0;0.0;0.373;0.488;1.0;1346.7
2022;Estremoz;0.0;0.0;0.0;0.0;0.0;0.0;0.304;0.625;1098.3
2022;Évora;0.0;0.0;0.0;0.021;0.003;0.094;0.651;0.903;1282.4
2022;Faro;0.108;0.0;0.0;0.0;0.0;0.533;1.0;0.932;1301.7
2022;Felgueiras;0.0;0.0;0.0;0.0;0.0;0.0;0.406;0.508;1020.7
2022;Ferreira do Alentejo;0.073;0.0;0.0;0.0;0.0;0.425;0.109;0.695;1144.2
2022;Ferreira do Zêzere;0.0;0.648;0.0;0.0;0.0;0.0;0.042;0.583;1070.0
2022;Figueira da Foz;0.0;0.0;0.0;0.0;0.0;0.0;0.816;0.925;1297.2
2022;Fronteira;0.0;0.0;0.0;0.0;0.0;0.0;0.004;0.603;1083.3
2022;Funchal;0.167;0.0;0.0;0.0;0.202;0.376;1.0;0.923;1295.9
2022;Fundão;0.021;0.0;0.0;0.0;0.0;0.08;0.416;0.663;1123.0
2022;Golegã;0.697;0.0;0.0;0.0;0.39;0.0;0.03;0.636;1105.0
2022;Gondomar;0.045;0.0;0.0;0.0;0.0;0.129;1.0;0.69;1141.0
2022;Gouveia;0.0;0.0;0.0;0.0;0.0;0.362;0.166;0.511;1022.1
2022;Grândola;0.108;0.0;0.0;0.0;0.0;0.0;0.119;0.888;1272.5
2022;Guarda;0.0;0.0;0.0;0.0;0.0;0.0;0.559;0.829;1233.5
2022;Guimarães;0.0;0.0;0.0;0.0;0.0;0.0;0.578;0.633;1103.6
2022;Horta;0.523;1.0;0.0;0.718;0.164;0.0;0.089;0.8;1214.3
2022;Idanha-a-Nova;0.348;0.0;0.0;0.0;0.087;0.0;0.251;0.556;1052.5
2022;Ílhavo;0.223;0.0;0.0;0.0;0.108;0.429;0.442;0.949;1313.0
2022;Lagoa;0.261;0.202;0.0;0.0;0.314;1.0;0.411;0.73;1167.6
2022;Lagoa [R.A.A.];0.453;1.0;0.0;0.213;0.415;1.0;0.668;0.59;1074.5
2022;Lagos;0.47;0.0;0.0;0.289;0.338;1.0;0.332;0.635;1104.7
2022;Lajes das Flores;0.0;0.0;0.0;0.0;0.0;0.0;0.0;0.717;1158.8
2022;Lamego;0.0;0.164;0.0;0.0;0.0;0.132;0.309;0.534;1037.7
2022;Leiria;0.0;0.0;0.0;0.0;0.042;0.028;1.0;0.867;1258.5
2022;Lisboa;0.049;0.0;0.0;0.0;0.091;0.481;1.0;1.0;1346.7
2022;Loulé;0.125;0.0;0.0;0.0;0.24;0.418;0.919;0.735;1171.1
2022;Loures;0.192;0.0;0.0;0.0;0.185;0.495;1.0;1.0;1346.7
2022;Lourinhã;0.185;0.087;0.0;0.0;0.171;1.0;0.24;0.627;1099.0
2022;Lousã;0.0;0.0;0.0;0.0;0.066;0.0;0.136;0.618;1093.4
2022;Macedo de Cavaleiros;0.0;0.0;0.0;0.0;0.049;0.024;0.238;0.53;1034.7
2022;Machico;0.0;0.077;0.0;0.233;0.0;0.0;0.209;0.723;1163.3
2022;Madalena;0.098;0.456;0.087;0.523;0.063;1.0;0.034;0.509;1021.2
2022;Mafra;0.139;0.0;0.0;0.0;0.289;0.923;0.435;0.724;1163.4
2022;Maia;0.0;0.0;0.0;0.0;0.0;0.052;1.0;1.0;1346.7
2022;Mangualde;0.098;0.188;0.0;0.0;0.0;0.209;0.222;0.876;1264.3
2022;Manteigas;0.0;0.0;0.0;0.0;0.0;0.0;0.01;0.543;1043.7
2022;Marinha Grande;0.0;0.0;0.0;0.0;0.0;0.028;0.498;1.0;1346.7
2022;Matosinhos;0.059;0.0;0.0;0.0;0.0;0.084;1.0;1.0;1346.7
2022;Mealhada;0.0;0.0;0.0;0.0;0.0;0.0;0.062;0.828;1232.4
2022;Mesão Frio;0.0;0.0;0.0;0.0;0.0;0.0;0.043;0.608;1086.4
2022;Mira;0.0;0.0;0.0;0.0;0.0;0.387;0.042;0.592;1076.4
2022;Miranda do Corvo;0.0;0.0;0.0;0.0;0.0;0.0;0.051;0.527;1033.1
2022;Mirandela;0.0;0.0;0.0;0.0;0.0;0.0;0.272;0.571;1062.4
2022;Moita;0.073;0.0;0.0;0.0;0.206;0.456;1.0;0.653;1116.3
2022;Monção;0.0;0.0;0.0;0.028;0.0;0.0;0.027;0.575;1064.9
2022;Monforte;0.0;0.0;0.0;0.0;0.0;0.0;0.24;0.683;1136.5
2022;Montemor-o-Novo;0.077;0.0;0.0;0.0;0.0;0.0;0.068;0.631;1101.7
2022;Montemor-o-Velho;0.0;0.003;0.0;0.0;0.094;0.185;0.109;0.592;1076.0
2022;Montijo;0.101;0.167;0.0;0.0;0.125;0.84;1.0;0.704;1150.5
2022;Mora;0.47;0.0;0.286;0.0;0.188;0.0;0.02;0.521;1028.9
2022;Mortágua;0.0;0.0;0.0;0.0;0.0;0.0;0.029;0.829;1233.6
2022;Moura;0.0;0.0;0.0;0.111;0.0;0.502;1.0;0.56;1054.7
2022;Mourão;0.0;0.0;0.0;0.0;0.0;0.0;0.223;0.549;1047.6
2022;Murça;0.0;0.0;0.0;0.0;0.0;0.0;0.104;0.518;1026.8
2022;Murtosa;0.317;0.0;0.16;0.0;0.0;0.0;0.029;0.537;1039.7
2022;Nazaré;0.477;0.0;0.0;0.0;0.0;0.247;0.065;0.686;1138.7
2022;Nelas;0.087;0.0;0.0;0.0;0.0;0.293;0.099;0.805;1217.2
2022;Óbidos;0.3;0.188;0.0;0.0;0.195;1.0;0.022;0.638;1106.6
2022;Odivelas;0.23;0.0;0.0;0.0;0.432;0.446;1.0;0.621;1095.1
2022;Oeiras;0.024;0.0;0.0;0.0;0.111;0.157;1.0;1.0;1346.7
2022;Oleiros;0.397;0.0;0.0;0.0;0.0;0.0;0.001;0.581;1069.0
2022;Olhão;0.042;0.031;0.0;0.0;0.087;0.108;0.619;0.606;1085.5
2022;Oliveira de Azeméis;0.0;0.0;0.0;0.0;0.0;0.0;0.223;0.888;1272.6
2022;Oliveira de Frades;0.003;0.0;0.0;0.0;0.0;0.0;0.008;0.872;1261.6
2022;Oliveira do Bairro;0.0;0.0;0.0;0.0;0.0;0.0;0.24;0.796;1211.4
2022;Oliveira do Hospital;0.014;0.0;0.0;0.0;0.021;0.164;0.074;0.514;1024.6
2022;Ourém;0.024;0.0;0.0;0.0;0.01;0.087;0.247;0.712;1155.7
2022;Ovar;0.307;0.077;0.0;0.0;0.031;0.174;0.662;0.869;1259.6
2022;Palmela;0.059;0.0;0.0;0.0;0.0;0.31;0.469;1.0;1346.7
2022;Paredes;0.0;0.0;0.0;0.0;0.0;0.0;1.0;0.566;1059.1
2022;Paredes de Coura;0.0;0.0;0.0;0.0;0.0;0.0;0.003;0.581;1068.5
2022;Penacova;0.0;0.0;0.0;0.0;0.056;0.045;0.039;0.695;1144.3
2022;Penafiel;0.0;0.0;0.0;0.0;0.0;0.028;0.842;0.669;1127.4
2022;Penela;0.0;1.0;0.0;0.0;0.0;0.0;0.018;0.623;1096.7
2022;Peniche;0.436;0.0;0.0;0.07;0.094;0.707;0.283;0.612;1089.4
2022;Peso da Régua;0.0;0.0;0.0;0.066;0.0;0.0;0.42;0.622;1095.9
2022;Pombal;0.105;0.0;0.0;0.0;0.073;0.0;0.431;0.702;1148.9
2022;Ponta Delgada;0.195;0.551;0.0;0.143;0.052;0.16;1.0;0.862;1255.3
2022;Ponte de Lima;0.0;0.0;0.0;0.0;0.0;0.0;0.068;0.59;1074.8
2022;Ponte de Sor;0.0;0.0;0.0;0.0;0.0;0.286;0.174;0.634;1104.1
2022;Portalegre;0.0;0.0;0.0;0.077;0.056;0.0;0.19;0.739;1173.4
2022;Portel;0.0;0.0;0.0;0.0;0.0;0.0;0.096;0.628;1100.0
2022;Portimão;0.223;0.0;0.0;0.0;0.125;0.794;1.0;0.673;1129.6
2022;Porto;0.0;0.0;0.0;0.0;0.0;0.094;1.0;1.0;1346.7
2022;Porto de Mós;0.049;0.0;0.0;0.0;0.056;0.0;0.147;0.85;1246.9
2022;Porto Santo;0.0;0.0;0.0;0.0;0.314;0.0;0.003;0.983;1335.2
2022;Póvoa de Varzim;0.0;0.0;0.0;0.0;0.098;0.554;0.549;0.68;1134.2
2022;Povoação;0.052;0.544;0.0;0.0;0.348;0.348;0.217;0.567;1059.8
2022;Proença-a-Nova;0.049;0.0;0.0;0.0;0.0;0.0;0.048;0.638;1106.3
2022;Redondo;0.0;0.038;0.0;0.0;0.0;0.0;0.093;0.715;1157.4
2022;Reguengos de Monsaraz;0.143;0.564;0.0;0.0;0.0;0.348;0.289;0.632;1102.4
2022;Ribeira Brava;0.296;0.669;0.0;0.0;0.387;0.038;0.095;0.542;1043.0
2022;Ribeira de Pena;0.0;0.0;0.0;0.038;0.0;0.017;0.049;0.689;1140.2
2022;Ribeira Grande;0.0;0.167;0.0;0.0;0.167;0.251;1.0;0.62;1094.4
2022;Rio Maior;0.038;0.0;0.0;0.0;0.08;0.091;0.17;0.755;1184.4
2022;Sabrosa;0.0;0.0;0.0;0.0;0.0;0.0;0.063;0.64;1107.9
2022;Sabugal;0.063;0.958;0.0;0.0;0.0;0.0;0.125;0.506;1019.1
2022;Salvaterra de Magos;0.0;0.0;0.0;0.0;0.0;0.105;0.204;0.623;1096.5
2022;Santa Comba Dão;0.0;0.052;0.0;0.233;0.0;0.188;0.075;0.558;1053.4
2022;Santa Cruz;0.0;0.028;0.0;0.0;0.275;0.0;0.342;0.779;1200.4
2022;Santa Cruz da Graciosa;0.038;0.0;0.0;0.0;0.038;0.0;0.123;0.62;1094.5
2022;Santa Cruz das Flores;0.0;0.0;0.0;0.0;0.115;0.0;0.0;0.878;1265.5
2022;Santa Maria da Feira;0.0;0.0;0.0;0.0;0.0;0.084;0.973;0.812;1222.1
2022;Santarém;0.028;0.0;0.0;0.0;0.0;0.0;0.73;0.821;1227.7
2022;Santiago do Cacém;0.223;0.0;0.0;0.0;0.139;0.0;0.11;0.717;1159.1
2022;Santo Tirso;0.0;0.0;0.0;0.0;0.0;0.0;0.632;0.721;1161.4
2022;São Brás de Alportel;0.0;0.812;0.0;0.087;0.111;0.202;0.08;0.578;1067.1
2022;São João da Madeira;0.0;0.0;0.0;0.0;0.0;0.017;0.191;0.798;1212.6
2022;São João da Pesqueira;0.38;0.0;0.0;0.0;0.0;0.0;0.015;0.552;1049.6
2022;São Roque do Pico;0.125;0.0;0.0;0.0;0.296;0.0;0.003;0.678;1133.0
2022;Seia;0.0;0.0;0.0;0.0;0.087;0.171;0.264;0.524;1031.0
2022;Seixal;0.268;0.0;0.0;0.0;0.181;0.624;1.0;1.0;1346.7
2022;Sertã;0.059;0.0;0.0;0.0;0.003;0.028;0.104;0.503;1017.1
2022;Sesimbra;0.244;0.0;0.0;0.0;0.181;0.812;0.698;0.629;1100.6
2022;Setúbal;0.115;0.0;0.0;0.0;0.334;0.303;1.0;0.992;1341.2
2022;Sever do Vouga;0.0;0.052;0.0;0.028;0.0;0.003;0.027;0.802;1215.4
2022;Silves;0.258;0.014;0.0;0.014;0.111;0.606;0.37;0.636;1105.0
2022;Sines;0.139;0.0;0.0;0.0;0.199;0.463;0.215;1.0;1346.7
2022;Sintra;0.247;0.0;0.0;0.0;0.345;0.488;1.0;1.0;1346.7
2022;Sobral de Monte Agraço;0.01;0.15;0.0;0.0;0.314;0.0;0.042;0.63;1101.1
2022;Soure;0.0;0.0;0.0;0.0;0.045;0.0;0.049;0.709;1154.0
2022;Sousel;0.0;0.0;0.0;0.0;0.0;0.348;0.09;0.543;1043.9
2022;Tábua;0.038;0.0;0.0;0.0;0.0;0.0;0.066;0.595;1078.0
2022;Tabuaço;0.105;0.0;0.0;0.0;0.0;0.0;0.109;0.589;1074.4
2022;Tavira;0.254;0.652;0.0;0.024;0.16;1.0;0.18;0.572;1062.8
2022;Terras de Bouro;0.0;0.0;0.0;0.0;0.0;0.0;0.006;0.559;1054.1
2022;Tomar;0.0;0.0;0.0;0.0;0.0;0.139;0.427;0.648;1113.5
2022;Tondela;0.171;0.0;0.0;0.0;0.0;0.049;0.098;0.812;1221.7
2022;Torres Novas;0.0;0.0;0.0;0.0;0.01;0.206;0.25;0.821;1227.9
2022;Torres Vedras;0.0;0.0;0.0;0.0;0.0;0.355;0.536;0.699;1146.9
2022;Trancoso;0.0;0.0;0.0;0.0;0.031;0.251;0.035;0.59;1074.5
2022;Trofa;0.0;0.0;0.0;0.0;0.0;0.038;0.312;0.86;1254.1
2022;Vagos;0.003;0.0;0.0;0.0;0.0;0.415;0.155;0.739;1173.4
2022;Vale de Cambra;0.0;0.0;0.0;0.0;0.0;0.233;0.039;0.871;1261.4
2022;Valença;0.111;0.523;0.0;0.0;0.038;0.028;0.112;0.583;1070.4
2022;Valongo;0.0;0.0;0.0;0.0;0.0;0.115;1.0;0.823;1229.6
2022;Velas;0.348;0.481;0.233;0.0;0.0;0.0;0.001;0.547;1046.0
2022;Vendas Novas;0.174;0.0;0.0;0.0;0.0;0.0;0.124;0.736;1171.8
2022;Viana do Alentejo;0.0;0.0;0.0;0.087;0.066;0.523;0.077;0.506;1019.3
2022;Viana do Castelo;0.0;0.0;0.0;0.0;0.0;0.0;0.717;0.848;1246.0
2022;Vidigueira;0.0;0.683;0.0;0.0;0.0;0.0;0.202;0.649;1113.9
2022;Vila da Praia da Vitória;0.164;0.216;0.0;0.077;0.0;0.296;0.432;0.717;1158.8
2022;Vila do Bispo;0.0;0.0;0.0;0.0;0.0;0.0;0.019;0.557;1052.6
2022;Vila do Conde;0.0;0.0;0.0;0.0;0.0;0.0;0.553;0.88;1267.1
2022;Vila do Porto;0.056;0.93;0.0;0.0;0.0;0.0;0.08;1.0;1346.7
2022;Vila Franca de Xira;0.24;0.084;0.0;0.0;0.22;0.798;1.0;1.0;1346.7
2022;Vila Nova de Cerveira;0.0;0.0;0.0;0.0;0.0;0.0;0.024;0.837;1238.5
2022;Vila Nova de Famalicão;0.0;0.0;0.0;0.0;0.0;0.0;0.786;0.866;1257.8
2022;Vila Nova de Foz Côa;0.0;0.0;0.0;0.0;0.0;0.0;0.038;0.528;1033.4
2022;Vila Nova de Gaia;0.028;0.0;0.0;0.0;0.0;0.0;1.0;0.938;1305.7
2022;Vila Nova de Poiares;0.0;0.0;0.0;0.0;0.0;0.0;0.032;0.626;1098.4
2022;Vila Real;0.0;0.0;0.0;0.0;0.0;0.105;0.615;0.809;1219.8
2022;Vila Real de Santo António;0.0;0.125;0.0;0.0;0.101;0.672;0.305;0.616;1092.3
2022;Vila Velha de Ródão;0.0;0.0;0.0;0.0;0.0;0.0;0.03;1.0;1346.7
2022;Vila Viçosa;0.213;0.0;0.0;0.0;0.0;0.0;0.044;0.74;1174.1
2022;Viseu;0.066;0.0;0.0;0.0;0.0;0.282;1.0;0.737;1172.1
2022;Vizela;0.0;0.0;0.0;0.0;0.0;0.0;0.033;0.543;1043.7
2022;Vouzela;0.206;0.0;0.0;0.0;0.038;0.0;0.009;0.518;1027.3
